pair,Term,es,nes,pval,fdr,geneset_size,matched_size,genes,ledge_genes
8_vs_p-L_DOWN,peptide biosynthetic process (GO:0043043),0.27132957582251555,1580.773998006402,0.0,0.0,175,44,RPS15A;RPL36;RPS21;RPS8;RPS20;RPL11;RPL6;RPL18A;RPL5;RPS19;RPS15;RPL10A;RPL7;RPSA;RPL13;RPL3;RPL37;RPS27;RPS3A;RPL24;RPS29;RPL38;RPL30;RPS27A;RPS28;MRPL11;RPL14;RPL8;RSL1D1;RPL15;MRPL28;MRPS18B;EIF4G1;DHPS;RSL24D1;MRPS7;MRPL36;RPS16;MRPS14;IGF2BP3;COPS5;MRPL4;MRPL3;MRPS12,RPS15A;RPL36;RPS21;RPS8;RPS20;RPL11;RPL6;RPL18A;RPL5;RPS19;RPS15;RPL10A;RPL7;RPSA;RPL13;RPL3;RPL37;RPS27;RPS3A;RPL24;RPS29;RPL38;RPL30;RPS27A;RPS28;MRPL11;RPL14;RPL8;RSL1D1;RPL15;MRPL28;MRPS18B;EIF4G1;DHPS;RSL24D1;MRPS7;MRPL36;RPS16;MRPS14;IGF2BP3;COPS5;MRPL4;MRPL3
8_vs_p-L_DOWN,translation (GO:0006412),0.2746215027204942,3023.7498568499395,0.0,0.0,233,46,RPS15A;RPL36;RPS21;RPS8;RPS20;RPL11;RPL6;RPL18A;RPL5;RPS19;RPS15;RPL10A;RPL7;RPSA;RPL13;RPL3;EEF1D;RPL37;RPS27;RPS3A;RPL24;RPS29;EEF2;RPL38;RPL30;RPS27A;RPS28;MRPL11;RPL14;RPL8;RSL1D1;RPL15;MRPL28;MRPS18B;EIF4G1;DHPS;RSL24D1;MRPS7;MRPL36;RPS16;MRPS14;IGF2BP3;COPS5;MRPL4;MRPL3;MRPS12,RPS15A;RPL36;RPS21;RPS8;RPS20;RPL11;RPL6;RPL18A;RPL5;RPS19;RPS15;RPL10A;RPL7;RPSA;RPL13;RPL3;EEF1D;RPL37;RPS27;RPS3A;RPL24;RPS29;EEF2;RPL38;RPL30;RPS27A;RPS28;MRPL11;RPL14;RPL8;RSL1D1;RPL15;MRPL28;MRPS18B;EIF4G1;DHPS;RSL24D1;MRPS7;MRPL36;RPS16;MRPS14;IGF2BP3;COPS5;MRPL4;MRPL3
8_vs_p-L_DOWN,viral process (GO:0016032),0.38013294280066234,3428.380642838193,0.0,0.0,221,38,RPS15A;RPL36;RPS21;RPS8;RPS20;RPL11;RPL6;RPL18A;RPL5;RPS19;RPS15;RPL10A;RPL7;RPSA;RPL13;RPL3;RPL37;RPS27;RPS3A;RPL24;RPS29;RPL38;RPL30;RPS27A;RPS28;AP2M1;RPL14;EIF3F;RPL8;CHMP5;RPL15;RAB1A;EIF3D;RPS16;EIF3G;EIF2D;MRPS12;VPS28,RPS15A;RPL36;RPS21;RPS8;RPS20;RPL11;RPL6;RPL18A;RPL5;RPS19;RPS15;RPL10A;RPL7;RPSA;RPL13;RPL3;RPL37;RPS27;RPS3A;RPL24;RPS29;RPL38;RPL30;RPS27A;RPS28;AP2M1;RPL14;EIF3F;RPL8;CHMP5
8_vs_p-L_DOWN,ribosome biogenesis (GO:0042254),0.4033343372886571,534.2740922729861,0.0,0.006588855421686747,227,34,RPS15A;RPL36;RPS21;RPS8;RPS20;RPL11;RPL6;RPL18A;RPL5;RPS19;RPS15;RPL10A;RPL7;RPSA;RPL13;RPL3;RPL37;RPS27;RPS3A;RPL24;RPS29;RPL38;RPL30;RPS27A;RPS28;RPL14;RPL8;RPL15;WDR43;MRPL36;RPS16;EBNA1BP2;WDR18;MRPS12,RPS15A;RPL36;RPS21;RPS8;RPS20;RPL11;RPL6;RPL18A;RPL5;RPS19;RPS15;RPL10A;RPL7;RPSA;RPL13;RPL3;RPL37;RPS27;RPS3A;RPL24;RPS29;RPL38;RPL30;RPS27A;RPS28;RPL14;RPL8
8_vs_p-L_DOWN,viral transcription (GO:0019083),0.5777549335535204,434.33414339765636,0.0,0.006708652792990142,114,30,RPS15A;RPL36;RPS21;RPS8;RPS20;RPL11;RPL6;RPL18A;RPL5;RPS19;RPS15;RPL10A;RPL7;RPSA;RPL13;RPL3;RPL37;RPS27;RPS3A;RPL24;RPS29;RPL38;RPL30;RPS27A;RPS28;RPL14;RPL8;RPL15;RPS16;MRPS12,RPS15A;RPL36;RPS21;RPS8;RPS20;RPL11;RPL6;RPL18A;RPL5;RPS19;RPS15;RPL10A;RPL7;RPSA;RPL13;RPL3;RPL37;RPS27;RPS3A;RPL24;RPS29;RPL38;RPL30;RPS27A;RPS28;RPL14;RPL8
8_vs_p-L_DOWN,SRP-dependent cotranslational protein targeting to membrane (GO:0006614),0.5964053808767905,338.727019070749,0.0,0.007028112449799197,90,32,RPS15A;RPL36;RPS21;RPS8;RPS20;RPL11;RPL6;RPL18A;RPL5;RPS19;RPS15;RPL10A;RPL7;RPSA;RPL13;RPL3;SRP14;RPL37;RPS27;SEC61B;RPS3A;RPL24;RPS29;RPL38;RPL30;RPS27A;RPS28;RPL14;RPL8;RPL15;RPS16;MRPS12,RPS15A;RPL36;RPS21;RPS8;RPS20;RPL11;RPL6;RPL18A;RPL5;RPS19;RPS15;RPL10A;RPL7;RPSA;RPL13;RPL3;SRP14;RPL37;RPS27;SEC61B;RPS3A;RPL24;RPS29;RPL38;RPL30;RPS27A;RPS28;RPL14;RPL8
8_vs_p-L_DOWN,ncRNA processing (GO:0034470),0.43784582590651766,441.1740719488519,0.0,0.007379518072289157,228,33,RPS15A;RPL36;RPS21;RPS8;RPS20;RPL11;RPL6;RPL18A;RPL5;RPS19;RPS15;RPL10A;RPL7;RPSA;RPL13;RPL3;RPL37;RPS27;RPS3A;RPL24;RPS29;RPL38;RPL30;RPS27A;RPS28;RPL14;RPL8;RPL15;WDR43;RPS16;EBNA1BP2;WDR18;MRPS12,RPS15A;RPL36;RPS21;RPS8;RPS20;RPL11;RPL6;RPL18A;RPL5;RPS19;RPS15;RPL10A;RPL7;RPSA;RPL13;RPL3;RPL37;RPS27;RPS3A;RPL24;RPS29;RPL38;RPL30;RPS27A;RPS28;RPL14;RPL8
8_vs_p-L_DOWN,protein targeting to ER (GO:0045047),0.5451151415825385,606.138420708387,0.0,0.007530120481927711,98,32,RPS15A;RPL36;RPS21;RPS8;RPS20;RPL11;RPL6;RPL18A;RPL5;RPS19;RPS15;RPL10A;RPL7;RPSA;RPL13;RPL3;SRP14;RPL37;RPS27;RPS3A;RPL24;RPS29;RPL38;RPL30;RPS27A;RPS28;RPL14;RPL8;RPL15;SEC62;RPS16;MRPS12,RPS15A;RPL36;RPS21;RPS8;RPS20;RPL11;RPL6;RPL18A;RPL5;RPS19;RPS15;RPL10A;RPL7;RPSA;RPL13;RPL3;SRP14;RPL37;RPS27;RPS3A;RPL24;RPS29;RPL38;RPL30;RPS27A;RPS28;RPL14;RPL8
8_vs_p-L_DOWN,viral gene expression (GO:0019080),0.5777549335535204,279.02025103766,0.0,0.007530120481927711,111,30,RPS15A;RPL36;RPS21;RPS8;RPS20;RPL11;RPL6;RPL18A;RPL5;RPS19;RPS15;RPL10A;RPL7;RPSA;RPL13;RPL3;RPL37;RPS27;RPS3A;RPL24;RPS29;RPL38;RPL30;RPS27A;RPS28;RPL14;RPL8;RPL15;RPS16;MRPS12,RPS15A;RPL36;RPS21;RPS8;RPS20;RPL11;RPL6;RPL18A;RPL5;RPS19;RPS15;RPL10A;RPL7;RPSA;RPL13;RPL3;RPL37;RPS27;RPS3A;RPL24;RPS29;RPL38;RPL30;RPS27A;RPS28;RPL14;RPL8
8_vs_p-L_DOWN,rRNA metabolic process (GO:0016072),0.43784582590651766,305.56112157583675,0.0,0.008109360518999072,201,33,RPS15A;RPL36;RPS21;RPS8;RPS20;RPL11;RPL6;RPL18A;RPL5;RPS19;RPS15;RPL10A;RPL7;RPSA;RPL13;RPL3;RPL37;RPS27;RPS3A;RPL24;RPS29;RPL38;RPL30;RPS27A;RPS28;RPL14;RPL8;RPL15;WDR43;RPS16;EBNA1BP2;WDR18;MRPS12,RPS15A;RPL36;RPS21;RPS8;RPS20;RPL11;RPL6;RPL18A;RPL5;RPS19;RPS15;RPL10A;RPL7;RPSA;RPL13;RPL3;RPL37;RPS27;RPS3A;RPL24;RPS29;RPL38;RPL30;RPS27A;RPS28;RPL14;RPL8
8_vs_p-L_DOWN,rRNA processing (GO:0006364),0.3933339795427938,477.58403656889743,0.0,0.00819946452476573,203,36,RPS15A;RPL36;RPS21;RPS8;RPS20;RPL11;RPL6;RPL18A;RPL5;RPS19;RPS15;RPL10A;RPL7;RPSA;RPL13;RPL3;RPL37;RPS27;RPS3A;RPL24;RPS29;RPL38;RPL30;RPS27A;RPS28;RPL14;RPL8;NSA2;RSL1D1;RPL15;WDR43;RRP15;RPS16;EBNA1BP2;WDR18;MRPS12,RPS15A;RPL36;RPS21;RPS8;RPS20;RPL11;RPL6;RPL18A;RPL5;RPS19;RPS15;RPL10A;RPL7;RPSA;RPL13;RPL3;RPL37;RPS27;RPS3A;RPL24;RPS29;RPL38;RPL30;RPS27A;RPS28;RPL14;RPL8;NSA2;RSL1D1
8_vs_p-L_DOWN,cotranslational protein targeting to membrane (GO:0006613),0.4714670828999947,694.9155942769539,0.0,0.010542168674698796,94,34,RPS15A;RPL36;RPS21;RPS8;RPS20;RPL11;RPL6;RPL18A;RPL5;RPS19;RPS15;RPL10A;RPL7;RPSA;RPL13;RPL3;SRP14;RPL37;RPS27;RPS3A;RPL24;RPS29;RPL38;RPL30;RPS27A;RPS28;RPL14;RPL8;RPL15;TRAM1;SEC62;SSR2;RPS16;MRPS12,RPS15A;RPL36;RPS21;RPS8;RPS20;RPL11;RPL6;RPL18A;RPL5;RPS19;RPS15;RPL10A;RPL7;RPSA;RPL13;RPL3;SRP14;RPL37;RPS27;RPS3A;RPL24;RPS29;RPL38;RPL30;RPS27A;RPS28;RPL14;RPL8
8_vs_p-L_DOWN,nuclear-transcribed mRNA catabolic process (GO:0000956),0.3406602934762232,765.5255496375639,0.0,0.013177710843373495,175,37,RPS15A;RPL36;RPS21;RPS8;RPS20;RPL11;RPL6;RPL18A;RPL5;RPS19;RPS15;RPL10A;RPL7;RPSA;RPL13;RPL3;RPL37;RPS27;RPS3A;RPL24;RPS29;RPL38;RPL30;RPS27A;RPS28;EIF3E;RPL14;RPL8;EIF4A3;RPL15;CSDE1;NCBP2;EIF4G1;RPS16;ZFP36L1;MRPS12;ZFP36,RPS15A;RPL36;RPS21;RPS8;RPS20;RPL11;RPL6;RPL18A;RPL5;RPS19;RPS15;RPL10A;RPL7;RPSA;RPL13;RPL3;RPL37;RPS27;RPS3A;RPL24;RPS29;RPL38;RPL30;RPS27A;RPS28;EIF3E;RPL14;RPL8;EIF4A3;RPL15;CSDE1;NCBP2
8_vs_p-L_DOWN,"nuclear-transcribed mRNA catabolic process, nonsense-mediated decay (GO:0000184)",0.4848111215572847,194.75119466423504,0.0,0.017570281124497992,113,34,RPS15A;RPL36;RPS21;RPS8;RPS20;RPL11;RPL6;RPL18A;RPL5;RPS19;RPS15;RPL10A;RPL7;RPSA;RPL13;RPL3;RPL37;RPS27;RPS3A;RPL24;RPS29;RPL38;RPL30;RPS27A;RPS28;EIF3E;RPL14;RPL8;EIF4A3;RPL15;NCBP2;EIF4G1;RPS16;MRPS12,RPS15A;RPL36;RPS21;RPS8;RPS20;RPL11;RPL6;RPL18A;RPL5;RPS19;RPS15;RPL10A;RPL7;RPSA;RPL13;RPL3;RPL37;RPS27;RPS3A;RPL24;RPS29;RPL38;RPL30;RPS27A;RPS28;EIF3E;RPL14;RPL8;EIF4A3;RPL15;NCBP2
7_vs_p-L_DOWN,SRP-dependent cotranslational protein targeting to membrane (GO:0006614),0.6306588426490658,3218.4473700282942,0.0,0.0,90,55,RPLP1;RPS11;UBA52;RPL28;RPL36;RPL41;RPL22;RPL5;RPL37A;RPL24;RPL34;RPL26;RPL19;RPLP2;RPLP0;RPL36A;RPS20;RPS9;RPSA;RPS23;RPS5;RPS15;RPS7;RPL31;RPS25;RPL6;RPL7;RPL23A;RPS21;RPL39;RPL10A;RPL11;RPL3;RPS8;RPL13A;RPL37;RPS15A;RPL18A;RPS27A;RPS19;RPL8;RPS6;RPL38;RPL14;RPL30;RPL13;RPS4X;RPL10;RPS29;MRPS12;RPS27;RPS3A;RPS28;RPL15;RPS16,RPLP1;RPS11;UBA52;RPL28;RPL36;RPL41;RPL22;RPL5;RPL37A;RPL24;RPL34;RPL26;RPL19;RPLP2;RPLP0;RPL36A;RPS20;RPS9;RPSA;RPS23;RPS5;RPS15;RPS7;RPL31;RPS25;RPL6;RPL7;RPL23A;RPS21;RPL39;RPL10A;RPL11;RPL3;RPS8;RPL13A;RPL37;RPS15A;RPL18A;RPS27A;RPS19;RPL8;RPS6;RPL38;RPL14;RPL30;RPL13;RPS4X;RPL10;RPS29;MRPS12;RPS27;RPS3A;RPS28;RPL15
7_vs_p-L_DOWN,nuclear-transcribed mRNA catabolic process (GO:0000956),0.4626230732827273,2445.6798727929126,0.0,0.0,175,60,RPLP1;RPS11;UBA52;RPL28;RPL36;RPL41;RPL22;RPL5;RPL37A;RPL24;RPL34;RPL26;RPL19;RPLP2;RPLP0;RPL36A;RPS20;RPS9;RPSA;RPS23;RPS5;RPS15;EIF4A2;RPS7;RPL31;RPS25;RPL6;RPL7;RPL23A;RPS21;RPL39;RPL10A;RPL11;RPL3;RPS8;RPL13A;RPL37;RPS15A;EIF3E;RPL18A;RPS27A;RPS19;RPL8;RPS6;RPL38;RPL14;RPL30;RPL13;RPS4X;RPL10;RPS29;MRPS12;RPS27;RPS3A;RPS28;RPL15;ZFP36L1;RPS16;PNRC1;ZFP36,RPLP1;RPS11;UBA52;RPL28;RPL36;RPL41;RPL22;RPL5;RPL37A;RPL24;RPL34;RPL26;RPL19;RPLP2;RPLP0;RPL36A;RPS20;RPS9;RPSA;RPS23;RPS5;RPS15;EIF4A2;RPS7;RPL31;RPS25;RPL6;RPL7;RPL23A;RPS21;RPL39;RPL10A;RPL11;RPL3;RPS8;RPL13A;RPL37;RPS15A;EIF3E;RPL18A;RPS27A;RPS19;RPL8;RPS6;RPL38;RPL14;RPL30;RPL13;RPS4X;RPL10;RPS29;MRPS12;RPS27;RPS3A;RPS28;RPL15
7_vs_p-L_DOWN,protein targeting to ER (GO:0045047),0.6306588426490658,1566.0896519222815,0.0,0.0,98,55,RPLP1;RPS11;UBA52;RPL28;RPL36;RPL41;RPL22;RPL5;RPL37A;RPL24;RPL34;RPL26;RPL19;RPLP2;RPLP0;RPL36A;RPS20;RPS9;RPSA;RPS23;RPS5;RPS15;RPS7;RPL31;RPS25;RPL6;RPL7;RPL23A;RPS21;RPL39;RPL10A;RPL11;RPL3;RPS8;RPL13A;RPL37;RPS15A;RPL18A;RPS27A;RPS19;RPL8;RPS6;RPL38;RPL14;RPL30;RPL13;RPS4X;RPL10;RPS29;MRPS12;RPS27;RPS3A;RPS28;RPL15;RPS16,RPLP1;RPS11;UBA52;RPL28;RPL36;RPL41;RPL22;RPL5;RPL37A;RPL24;RPL34;RPL26;RPL19;RPLP2;RPLP0;RPL36A;RPS20;RPS9;RPSA;RPS23;RPS5;RPS15;RPS7;RPL31;RPS25;RPL6;RPL7;RPL23A;RPS21;RPL39;RPL10A;RPL11;RPL3;RPS8;RPL13A;RPL37;RPS15A;RPL18A;RPS27A;RPS19;RPL8;RPS6;RPL38;RPL14;RPL30;RPL13;RPS4X;RPL10;RPS29;MRPS12;RPS27;RPS3A;RPS28;RPL15
7_vs_p-L_DOWN,rRNA metabolic process (GO:0016072),0.5395144963258182,3784.966040115307,0.0,0.0,201,59,RPLP1;RPS11;UBA52;RPL28;RPL36;RPL41;RPL22;RPL5;RPL37A;RPL24;RPL34;RPL26;RPL19;RPLP2;RPLP0;RPL36A;RPS20;RPS9;RPSA;RPS23;RPS5;RPS15;RPS7;RPL31;RPS25;RPL6;RPL7;RPL23A;RPS21;RPL39;RPL10A;RPL11;RPL3;RPS8;RPL13A;RPL37;RPS15A;RPL18A;RPS27A;RPS19;RPL8;RPS6;RPL38;RPL14;RPL30;FBL;RPL13;RPS4X;CSNK1D;RPL10;RPS29;MRPS12;RPS27;RPS3A;RPS28;RPL15;RIOK3;RPS16;ANG,RPLP1;RPS11;UBA52;RPL28;RPL36;RPL41;RPL22;RPL5;RPL37A;RPL24;RPL34;RPL26;RPL19;RPLP2;RPLP0;RPL36A;RPS20;RPS9;RPSA;RPS23;RPS5;RPS15;RPS7;RPL31;RPS25;RPL6;RPL7;RPL23A;RPS21;RPL39;RPL10A;RPL11;RPL3;RPS8;RPL13A;RPL37;RPS15A;RPL18A;RPS27A;RPS19;RPL8;RPS6;RPL38;RPL14;RPL30;FBL;RPL13;RPS4X;CSNK1D;RPL10;RPS29;MRPS12;RPS27;RPS3A;RPS28;RPL15
7_vs_p-L_DOWN,viral transcription (GO:0019083),0.6306588426490658,5197.641428692954,0.0,0.0,114,55,RPLP1;RPS11;UBA52;RPL28;RPL36;RPL41;RPL22;RPL5;RPL37A;RPL24;RPL34;RPL26;RPL19;RPLP2;RPLP0;RPL36A;RPS20;RPS9;RPSA;RPS23;RPS5;RPS15;RPS7;RPL31;RPS25;RPL6;RPL7;RPL23A;RPS21;RPL39;RPL10A;RPL11;RPL3;RPS8;RPL13A;RPL37;RPS15A;RPL18A;RPS27A;RPS19;RPL8;RPS6;RPL38;RPL14;RPL30;RPL13;RPS4X;RPL10;RPS29;MRPS12;RPS27;RPS3A;RPS28;RPL15;RPS16,RPLP1;RPS11;UBA52;RPL28;RPL36;RPL41;RPL22;RPL5;RPL37A;RPL24;RPL34;RPL26;RPL19;RPLP2;RPLP0;RPL36A;RPS20;RPS9;RPSA;RPS23;RPS5;RPS15;RPS7;RPL31;RPS25;RPL6;RPL7;RPL23A;RPS21;RPL39;RPL10A;RPL11;RPL3;RPS8;RPL13A;RPL37;RPS15A;RPL18A;RPS27A;RPS19;RPL8;RPS6;RPL38;RPL14;RPL30;RPL13;RPS4X;RPL10;RPS29;MRPS12;RPS27;RPS3A;RPS28;RPL15
7_vs_p-L_DOWN,cytoplasmic translation (GO:0002181),0.6645299145299156,480.7695103533635,0.0,0.013817975524758896,55,28,RPLP1;RPL36;RPL41;RPL22;RPL24;RPL26;RPL19;RPLP2;RPLP0;RPL36A;RPS20;RPS23;RPS7;RPL31;RPL6;RPL7;RPS21;RPL39;RPL10A;RPL11;RPL18A;RPL8;RPL38;RPL30;RPS29;RPS3A;RPS28;RPL15,RPLP1;RPL36;RPL41;RPL22;RPL24;RPL26;RPL19;RPLP2;RPLP0;RPL36A;RPS20;RPS23;RPS7;RPL31;RPL6;RPL7;RPS21;RPL39;RPL10A;RPL11;RPL18A;RPL8;RPL38;RPL30;RPS29;RPS3A;RPS28;RPL15
7_vs_p-L_DOWN,ribonucleoprotein complex assembly (GO:0022618),0.5017555867471888,366.72640282974817,0.0,0.019041038043686898,157,25,RPL5;RPL24;RPSA;RPS23;RPS5;RPS15;MRPS7;RPL6;SRSF5;RPL23A;RPL11;RPL3;RPS19;RPL38;DYNC1H1;YTHDC1;SF3A2;DDX6;RPS27L;RPL10;RPS27;RPS28;CIRBP;EIF2S3;EIF2D,RPL5;RPL24;RPSA;RPS23;RPS5;RPS15;MRPS7;RPL6;SRSF5;RPL23A;RPL11;RPL3;RPS19;RPL38;DYNC1H1;YTHDC1;SF3A2;DDX6;RPS27L;RPL10;RPS27;RPS28;CIRBP;EIF2S3
0_vs_p-L_UP,Ribosome biogenesis in eukaryotes,0.5693811774759374,1.9688689270393553,0.0,0.0031877411777864774,101,56,UTP14A;DKC1;RPP40;RIOK1;TCOF1;WDR43;WDR3;UTP4;NAT10;NOP58;NOP56;IMP4;GTPBP4;UTP15;WDR75;MDN1;POP5;GAR1;SBDS;RPP25;RCL1;NOB1;RAN;NHP2;UTP18;UTP6;RBM28;POP1;MPHOSPH10;RPP30;LSG1;NXF1;BMS1;RRP7A;NXT1;HEATR1;POP7;GNL3;AK6;GNL2;IMP3;POP4;WDR36;RIOK2;EIF6;SNU13;NOP10;RPP38;EMG1;REXO2;TBL3;XPO1;XRN2;CSNK2A1;NVL;CSNK2B,UTP14A;DKC1;RPP40;RIOK1;TCOF1;WDR43;WDR3;UTP4;NAT10;NOP58;NOP56;IMP4;GTPBP4;UTP15;WDR75;MDN1;POP5;GAR1;SBDS;RPP25;RCL1;NOB1;RAN;NHP2;UTP18;UTP6;RBM28;POP1;MPHOSPH10;RPP30;LSG1;NXF1;BMS1;RRP7A;NXT1;HEATR1;POP7;GNL3;AK6;GNL2;IMP3;POP4;WDR36;RIOK2
0_vs_p-L_UP,Antigen processing and presentation,0.5926343404408971,1.835486670565971,0.0,0.010929398323839351,77,18,HLA-G;HSPA8;HSP90AA1;HSP90AB1;HSPA4;PSME2;PSME3;HLA-DPB1;CD74;HSPA1B;HSPA1A;CTSL;TAP2;HSPA5;CANX;CTSB;NFYB;PDIA3,HLA-G;HSPA8;HSP90AA1;HSP90AB1;HSPA4;PSME2;PSME3;HLA-DPB1;CD74;HSPA1B;HSPA1A
0_vs_p-L_DOWN,Thermogenesis,0.3788150807899372,138.8218744272883,0.0,0.0,231,20,COX7A2L;COX7C;NDUFB4;NDUFA11;NDUFB10;UQCRB;UQCRC1;NDUFB7;NDUFB11;NDUFS6;SMARCE1;SDHC;ACSL3;PRKAA1;RPS6;PNPLA2;CREB1;SDHA;GNAS;CREB3L4,COX7A2L;COX7C;NDUFB4;NDUFA11;NDUFB10;UQCRB;UQCRC1;NDUFB7;NDUFB11;NDUFS6;SMARCE1;SDHC;ACSL3;PRKAA1;RPS6;PNPLA2;CREB1;SDHA;GNAS;CREB3L4
p-H_vs_p-L_DOWN,cytoplasmic translation (GO:0002181),0.5581521056189911,1347.0669090585193,0.0,0.0,55,29,RPL18;RPL19;RPS23;RPL6;RPL22;RPL41;RPS20;RPL26;RPS21;RPS3;RPL24;RPL32;RPL8;EIF4B;RPL31;RPL11;RPL7;RPL10A;RPL18A;RPL30;RPL29;RPL39;RPL36A;RPS29;RPL38;RPL17;RPL15;RPS28;RPS3A,RPL18;RPL19;RPS23;RPL6;RPL22;RPL41;RPS20;RPL26;RPS21;RPS3;RPL24;RPL32;RPL8;EIF4B;RPL31;RPL11;RPL7;RPL10A;RPL18A;RPL30;RPL29;RPL39;RPL36A;RPS29;RPL38;RPL17;RPL15;RPS28
p-H_vs_p-L_DOWN,translation (GO:0006412),0.4941654128820539,3849.2884792917603,0.0,0.0,233,64,RPS14;RPL37A;RPL28;RPL18;RPL19;MRPS21;RPS23;RPL6;RPL22;RPS27A;RPL41;RPS20;RPL37;RPS11;RPL26;RPS21;RPS3;RPL23;RPS9;RPL24;RPL34;EEF1D;RPL5;RPS15;RPSA;RPL32;RPL8;EEF2;RPL23A;RPL13A;EIF4B;RPS19;RPL31;EEF1A1;RPL11;RPS15A;RPL7;RPL10A;RPS25;RPL18A;RPS8;RPL3;RPL30;RPL10;RPS6;RPL29;RPS4X;RPL39;RPL36A;RPS29;RPL14;RPL13;MRPS12;RPL38;RPL17;RPL15;RPS28;AGO2;RPS27;RSL24D1;DHPS;RPS3A;QARS;RPS16,RPS14;RPL37A;RPL28;RPL18;RPL19;MRPS21;RPS23;RPL6;RPL22;RPS27A;RPL41;RPS20;RPL37;RPS11;RPL26;RPS21;RPS3;RPL23;RPS9;RPL24;RPL34;EEF1D;RPL5;RPS15;RPSA;RPL32;RPL8;EEF2;RPL23A;RPL13A;EIF4B;RPS19;RPL31;EEF1A1;RPL11;RPS15A;RPL7;RPL10A;RPS25;RPL18A;RPS8;RPL3;RPL30;RPL10;RPS6;RPL29;RPS4X;RPL39;RPL36A;RPS29;RPL14;RPL13;MRPS12;RPL38;RPL17;RPL15;RPS28;AGO2;RPS27;RSL24D1;DHPS
6_vs_p-L_DOWN,cytoplasmic translation (GO:0002181),0.4867256637168158,771.0125565730266,0.0,0.007894736842105263,55,37,RPL9;RPS3;RPL32;RPS26;RPL36A;RPLP2;RPL35A;RPS20;RPL41;RPL36;RPL22;RPS23;RPL4;RPS7;RPL19;RPS21;RPL18;RPL39;RPLP0;RPL26;RPL29;RPL11;RPL8;RPL18A;RPL24;RPL7;RPL10A;RPS29;RPL31;RPL38;RPL17;RPL30;RPS3A;RPL6;RPS28;EIF4B;RPL15,RPL9;RPS3;RPL32;RPS26;RPL36A;RPLP2;RPL35A;RPS20;RPL41;RPL36;RPL22;RPS23;RPL4;RPS7;RPL19;RPS21;RPL18;RPL39;RPLP0;RPL26;RPL29;RPL11;RPL8;RPL18A;RPL24;RPL7;RPL10A;RPS29;RPL31;RPL38;RPL17;RPL30;RPS3A;RPL6;RPS28;EIF4B;RPL15
LM-H_vs_LM-L_DOWN,cotranslational protein targeting to membrane (GO:0006613),0.6752556672461987,1206.1902822122725,0.0,0.0,94,30,RPS2;RPL15;RPL21;RPS29;RPL11;UBA52;RPL30;RPS9;RPS15A;RPS19;RPS8;RPS24;RPS6;RPS20;RPS3;RPL39;SRP14;RPL31;RPS3A;RPS4X;RPL22;RPL28;RPL34;RPSA;RPL13A;RPS11;RPLP1;RPS27;RPL37;RPL27A,RPS2;RPL15;RPL21;RPS29;RPL11;UBA52;RPL30;RPS9;RPS15A;RPS19;RPS8;RPS24;RPS6;RPS20;RPS3;RPL39;SRP14;RPL31;RPS3A;RPS4X;RPL22;RPL28;RPL34;RPSA;RPL13A;RPS11;RPLP1;RPS27;RPL37
LM-H_vs_LM-L_DOWN,ncRNA processing (GO:0034470),0.5728592593516764,1357.2046009994467,0.0,0.0,228,30,RPS2;RPL15;RPL21;RPS29;RPL11;UBA52;RPL30;RPS9;RPS15A;RPS19;RPS8;RPS24;RPS6;RPS20;RPS3;RPL39;RPL31;RPS3A;RPS4X;RPL22;RPL28;RPL34;RPSA;RPL13A;RPS11;RPLP1;RPS27;RPL37;RPL27A;ADAR,RPS2;RPL15;RPL21;RPS29;RPL11;UBA52;RPL30;RPS9;RPS15A;RPS19;RPS8;RPS24;RPS6;RPS20;RPS3;RPL39;RPL31;RPS3A;RPS4X;RPL22;RPL28;RPL34;RPSA;RPL13A;RPS11;RPLP1;RPS27;RPL37
LM-H_vs_LM-L_DOWN,nuclear-transcribed mRNA catabolic process (GO:0000956),0.3308620411026237,1106.2565177971164,0.0,0.0,175,35,RPS2;RPL15;RPL21;RPS29;RPL11;UBA52;RPL30;RPS9;RPS15A;RPS19;RPS8;RPS24;RPS6;RPS20;RPS3;RPL39;RPL31;RPS3A;RPS4X;PABPC1;RPL22;RPL28;RPL34;RPSA;RPL13A;RPS11;CSDE1;RPLP1;RPS27;RPL37;PNRC2;RPL27A;EIF4B;EIF4A2;PNRC1,RPS2;RPL15;RPL21;RPS29;RPL11;UBA52;RPL30;RPS9;RPS15A;RPS19;RPS8;RPS24;RPS6;RPS20;RPS3;RPL39;RPL31;RPS3A;RPS4X;PABPC1;RPL22;RPL28;RPL34;RPSA;RPL13A;RPS11;CSDE1;RPLP1
LM-H_vs_LM-L_DOWN,ribosome biogenesis (GO:0042254),0.6754265745697368,1665.8502960240153,0.0,0.0,227,30,RPS2;RPL15;RPL21;RPS29;RPL11;UBA52;RPL30;RPS9;RPS15A;RPS19;RPS8;RPS24;RPS6;RPS20;RPS3;RPL39;RPL31;RPS3A;RPS4X;RPL22;RPL28;RPL34;RPSA;RPL13A;RPS11;RPLP1;RPS27;RPL37;GNL1;RPL27A,RPS2;RPL15;RPL21;RPS29;RPL11;UBA52;RPL30;RPS9;RPS15A;RPS19;RPS8;RPS24;RPS6;RPS20;RPS3;RPL39;RPL31;RPS3A;RPS4X;RPL22;RPL28;RPL34;RPSA;RPL13A;RPS11;RPLP1;RPS27;RPL37;GNL1
LM-H_vs_LM-L_DOWN,translation (GO:0006412),0.2350413483547109,1833.3225171667289,0.0,0.0,233,34,RPS2;RPL15;RPL21;RPS29;RPL11;RPL30;RPS9;RPS15A;RPS19;RPS8;RPS24;RPS6;RPS20;RPS3;EEF1D;RPL39;RPL31;RPS3A;RPS4X;RPL22;RPL28;RPL34;RPSA;RPL13A;RPS11;RPLP1;RPS27;RPL37;EEF1A1;RPL27A;EIF4B;EIF4EBP2;QARS;RPL3L,RPS2;RPL15;RPL21;RPS29;RPL11;RPL30;RPS9;RPS15A;RPS19;RPS8;RPS24;RPS6;RPS20;RPS3;EEF1D;RPL39;RPL31;RPS3A;RPS4X;RPL22;RPL28;RPL34;RPSA;RPL13A;RPS11;RPLP1
LM-H_vs_LM-L_DOWN,viral process (GO:0016032),0.5230113050441298,1085.1764764723437,0.0,0.0,221,35,RPS2;RPL15;RPL21;RPS29;RPL11;UBA52;RPL30;RPS9;RPS15A;RPS19;RPS8;RPS24;RPS6;PPIA;RPS20;RPS3;NUCKS1;RPL39;RPL31;RPS3A;RPS4X;RPL22;RPL28;RPL34;RPSA;RPL13A;RPS11;RPLP1;VPS4B;UBC;RPS27;RPL37;RPL27A;RXRA;B2M,RPS2;RPL15;RPL21;RPS29;RPL11;UBA52;RPL30;RPS9;RPS15A;RPS19;RPS8;RPS24;RPS6;PPIA;RPS20;RPS3;NUCKS1;RPL39;RPL31;RPS3A;RPS4X;RPL22;RPL28;RPL34;RPSA;RPL13A;RPS11;RPLP1;VPS4B;UBC;RPS27;RPL37
LM-H_vs_LM-L_DOWN,cellular macromolecule biosynthetic process (GO:0034645),0.22046238192460466,633.6397954600442,0.0,0.020390824129141883,368,36,RPS2;RPL15;RPL21;RPS29;RPL11;RPL30;RPS9;RPS15A;RPS19;RPS8;RPS24;RPS6;RPS20;RPS3;EEF1D;RPL39;RPL31;RPS3A;RPS4X;RPL22;RPL28;PTMA;RPL34;RPSA;RPL13A;RPS11;RPLP1;RPS27;RPL37;ATF6B;EEF1A1;RPL27A;EIF4EBP2;MLF1;RMI2;RPL3L,RPS2;RPL15;RPL21;RPS29;RPL11;RPL30;RPS9;RPS15A;RPS19;RPS8;RPS24;RPS6;RPS20;RPS3;EEF1D;RPL39;RPL31;RPS3A;RPS4X;RPL22;RPL28;PTMA;RPL34;RPSA;RPL13A;RPS11;RPLP1
LM-H_vs_LM-L_DOWN,"nuclear-transcribed mRNA catabolic process, nonsense-mediated decay (GO:0000184)",0.3890435064449475,758.7040623908554,0.0,0.022429906542056073,113,32,RPS2;RPL15;RPL21;RPS29;RPL11;UBA52;RPL30;RPS9;RPS15A;RPS19;RPS8;RPS24;RPS6;RPS20;RPS3;RPL39;RPL31;RPS3A;RPS4X;PABPC1;RPL22;RPL28;RPL34;RPSA;RPL13A;RPS11;RPLP1;RPS27;RPL37;PNRC2;RPL27A;PNRC1,RPS2;RPL15;RPL21;RPS29;RPL11;UBA52;RPL30;RPS9;RPS15A;RPS19;RPS8;RPS24;RPS6;RPS20;RPS3;RPL39;RPL31;RPS3A;RPS4X;PABPC1;RPL22;RPL28;RPL34;RPSA;RPL13A;RPS11;RPLP1;RPS27;RPL37
LM-H_vs_LM-L_DOWN,rRNA processing (GO:0006364),0.6702209454734217,838.666845176825,0.0,0.024922118380062305,203,29,RPS2;RPL15;RPL21;RPS29;RPL11;UBA52;RPL30;RPS9;RPS15A;RPS19;RPS8;RPS24;RPS6;RPS20;RPS3;RPL39;RPL31;RPS3A;RPS4X;RPL22;RPL28;RPL34;RPSA;RPL13A;RPS11;RPLP1;RPS27;RPL37;RPL27A,RPS2;RPL15;RPL21;RPS29;RPL11;UBA52;RPL30;RPS9;RPS15A;RPS19;RPS8;RPS24;RPS6;RPS20;RPS3;RPL39;RPL31;RPS3A;RPS4X;RPL22;RPL28;RPL34;RPSA;RPL13A;RPS11;RPLP1;RPS27;RPL37
LM-H_vs_LM-L_DOWN,rRNA metabolic process (GO:0016072),0.6702209454734217,864.8518523556332,0.0,0.028037383177570093,201,29,RPS2;RPL15;RPL21;RPS29;RPL11;UBA52;RPL30;RPS9;RPS15A;RPS19;RPS8;RPS24;RPS6;RPS20;RPS3;RPL39;RPL31;RPS3A;RPS4X;RPL22;RPL28;RPL34;RPSA;RPL13A;RPS11;RPLP1;RPS27;RPL37;RPL27A,RPS2;RPL15;RPL21;RPS29;RPL11;UBA52;RPL30;RPS9;RPS15A;RPS19;RPS8;RPS24;RPS6;RPS20;RPS3;RPL39;RPL31;RPS3A;RPS4X;RPL22;RPL28;RPL34;RPSA;RPL13A;RPS11;RPLP1;RPS27;RPL37
LM-H_vs_LM-L_DOWN,protein targeting to ER (GO:0045047),0.6752556672461987,496.35834681064154,0.0,0.03504672897196262,98,30,RPS2;RPL15;RPL21;RPS29;RPL11;UBA52;RPL30;RPS9;RPS15A;RPS19;RPS8;RPS24;RPS6;RPS20;RPS3;RPL39;SRP14;RPL31;RPS3A;RPS4X;RPL22;RPL28;RPL34;RPSA;RPL13A;RPS11;RPLP1;RPS27;RPL37;RPL27A,RPS2;RPL15;RPL21;RPS29;RPL11;UBA52;RPL30;RPS9;RPS15A;RPS19;RPS8;RPS24;RPS6;RPS20;RPS3;RPL39;SRP14;RPL31;RPS3A;RPS4X;RPL22;RPL28;RPL34;RPSA;RPL13A;RPS11;RPLP1;RPS27;RPL37
4_vs_p-L_UP,"antigen processing and presentation of exogenous peptide antigen via MHC class I, TAP-dependent (GO:0002479)",0.5987312571421184,2.0234479457823626,0.0,0.013115063110350676,76,39,PSMD14;HLA-G;PSMD1;PSMD12;PSMD6;PSMA1;PSME3;PSME2;PSMC5;CHUK;PSMB7;PSMD11;PSMB3;PSMC2;PSMC4;PSMD13;PSMA3;PSMA7;PSMD3;PSMB6;PSMA2;PSMD5;PSMA5;PSMD7;PSMD2;PSMC6;NCF1;PSMA4;PSMB2;PSMC3;PSMB1;PSMF1;PSMD4;PSMB4;PSMC1;PSMB5;PSMB8;PSMA6;PDIA3,PSMD14;HLA-G;PSMD1;PSMD12;PSMD6;PSMA1;PSME3;PSME2;PSMC5;CHUK;PSMB7;PSMD11;PSMB3;PSMC2;PSMC4;PSMD13;PSMA3;PSMA7;PSMD3;PSMB6;PSMA2;PSMD5;PSMA5;PSMD7;PSMD2;PSMC6;NCF1;PSMA4;PSMB2;PSMC3
4_vs_p-L_UP,antigen processing and presentation of exogenous peptide antigen via MHC class I (GO:0042590),0.5987312571421184,2.0008881744155724,0.0,0.014572292344834085,79,39,PSMD14;HLA-G;PSMD1;PSMD12;PSMD6;PSMA1;PSME3;PSME2;PSMC5;CHUK;PSMB7;PSMD11;PSMB3;PSMC2;PSMC4;PSMD13;PSMA3;PSMA7;PSMD3;PSMB6;PSMA2;PSMD5;PSMA5;PSMD7;PSMD2;PSMC6;NCF1;PSMA4;PSMB2;PSMC3;PSMB1;PSMF1;PSMD4;PSMB4;PSMC1;PSMB5;PSMB8;PSMA6;PDIA3,PSMD14;HLA-G;PSMD1;PSMD12;PSMD6;PSMA1;PSME3;PSME2;PSMC5;CHUK;PSMB7;PSMD11;PSMB3;PSMC2;PSMC4;PSMD13;PSMA3;PSMA7;PSMD3;PSMB6;PSMA2;PSMD5;PSMA5;PSMD7;PSMD2;PSMC6;NCF1;PSMA4;PSMB2;PSMC3
4_vs_p-L_UP,regulation of telomerase RNA localization to Cajal body (GO:1904872),0.6463004750957599,1.953399237959328,0.0,0.027201612377023628,18,15,CCT6A;CCT5;DKC1;NAF1;CCT2;CCT7;TCP1;CCT4;RUVBL1;CCT8;CCT3;RUVBL2;NHP2;NOP10;EXOSC10,CCT6A;CCT5;DKC1;NAF1;CCT2;CCT7;TCP1;CCT4;RUVBL1;CCT8
4_vs_p-L_UP,RNA modification (GO:0009451),0.607826462961624,1.9416983277378241,0.0,0.02747917985025856,55,24,NOP56;NAT10;NOP58;TRMT6;ADAT2;SSB;TRMT61A;METTL1;WDR4;NOP2;PUS7;NSUN2;PUS3;CTU1;FTSJ3;LRPPRC;NSUN5;URM1;CTU2;NOP10;PUS7L;TRMT1;TRIT1;TSR3,NOP56;NAT10;NOP58;TRMT6;ADAT2;SSB;TRMT61A;METTL1;WDR4;NOP2;PUS7;NSUN2;PUS3;CTU1
4_vs_p-L_UP,ribosome biogenesis (GO:0042254),0.5127279985361818,1.9125082527108985,0.0,0.031087557002312718,227,140,PNO1;URB2;PAK1IP1;RPP40;NOP16;LYAR;RRS1;BOP1;RIOK1;WDR43;UTP15;NOLC1;LTV1;NOP56;RPF2;NOP58;PDCD11;TSR1;WDR3;MRTO4;RRP9;UTP4;UTP20;DKC1;RPP25;EXOSC2;NAF1;EXOSC9;DCAF13;DDX56;DDX31;EBNA1BP2;NOM1;BYSL;IMP4;RRP36;SURF6;RRP1;WDR75;RCL1;WDR12;NIP7;WDR74;NOC2L;WDR36;SBDS;DHX37;RPP30;UTP18;EXOSC8;UTP3;NOB1;WDR46;RRP7A;ERI1;NPM1;MRPL36;NOL8;UTP14A;MALSU1;NOP14;LSG1;NOC4L;EIF6;NOL11;MTERF3;PES1;BMS1;SDAD1;EXOSC3;UTP6;RAN;POP4;EXOSC1;MPHOSPH10;MPHOSPH6;RIOK2;ABCE1;EXOSC5;IMP3;GNL3;MDN1;WDR55;EMG1;EXOSC6;HEATR1;RRP1B;ZNF622;KRR1;GNL2;TEX10;DDX49;GTF3A;LAS1L;EXOSC4;AAMP;NOL9;RPL26L1;MTERF4;SNU13;XPO1;RPP38;RPF1;EXOSC7;XRN2;DIEXF;FCF1;RPL35;TBL3;DDX27;DDX52;DIS3L2;WDR18;C1D;EXOSC10;ISG20L2;PIH1D1;DIS3;RPL27;RPS13;RPL12;RPP21;NVL;RPS10;RPL27A;RPL7A;RPL35A;FBL;RPS26;RPS24;RPS17;RPL36;RPS7;RPS2;RPS18;RPL9;RPL4;RPS5;RPS14;RPL18,PNO1;URB2;PAK1IP1;RPP40;NOP16;LYAR;RRS1;BOP1;RIOK1;WDR43;UTP15;NOLC1;LTV1;NOP56;RPF2;NOP58;PDCD11;TSR1;WDR3;MRTO4;RRP9;UTP4;UTP20;DKC1;RPP25;EXOSC2;NAF1;EXOSC9;DCAF13;DDX56;DDX31;EBNA1BP2;NOM1;BYSL;IMP4;RRP36;SURF6;RRP1;WDR75;RCL1;WDR12;NIP7;WDR74;NOC2L;WDR36;SBDS;DHX37;RPP30;UTP18;EXOSC8;UTP3;NOB1;WDR46;RRP7A;ERI1;NPM1;MRPL36;NOL8;UTP14A;MALSU1;NOP14;LSG1;NOC4L;EIF6;NOL11;MTERF3;PES1;BMS1;SDAD1;EXOSC3;UTP6;RAN;POP4;EXOSC1;MPHOSPH10;MPHOSPH6;RIOK2;ABCE1;EXOSC5;IMP3;GNL3;MDN1;WDR55;EMG1
4_vs_p-L_UP,response to unfolded protein (GO:0006986),0.6070638878560362,1.9193898843513832,0.0010351966873706005,0.032544786236796124,44,21,HSPH1;HSPA8;HSPD1;HSPE1;HSPA9;HSP90AA1;HSPA4;HSP90AB1;DNAJA1;HSPA1B;HSPA4L;HSPA1A;SERPINH1;TOR1B;HYOU1;HSPA14;HSPA5;ERP44;DAXX;TM7SF3;DERL1,HSPH1;HSPA8;HSPD1;HSPE1;HSPA9;HSP90AA1;HSPA4;HSP90AB1;DNAJA1;HSPA1B;HSPA4L;HSPA1A;SERPINH1;TOR1B;HYOU1;HSPA14
4_vs_p-L_UP,'de novo' posttranslational protein folding (GO:0051084),0.6136152339848473,1.8895633544421766,0.0020597322348094747,0.039636635177948715,31,18,HSPH1;HSPA8;HSPE1;HSPA9;HSPA4;CCT2;HSPA1B;HSPA4L;DNAJC7;HSPA1A;CHCHD4;PTGES3;HYOU1;HSPA14;ERO1A;HSPA5;BAG1;DNAJB14,HSPH1;HSPA8;HSPE1;HSPA9;HSPA4;CCT2;HSPA1B;HSPA4L;DNAJC7;HSPA1A;CHCHD4;PTGES3
4_vs_p-L_UP,NIK/NF-kappaB signaling (GO:0038061),0.5290367859820476,1.7922223801687478,0.0,0.04077003569365804,81,44,PSMD14;UBE2M;PSMD1;PSMD12;IRAK1;PSMD6;PSMA1;PSME3;PSME2;PSMC5;CHUK;PSMB7;PSMD11;PSMB3;PSMC2;PSMC4;PSMD13;PSMA3;PSMA7;PSMD3;PSMB6;PSMA2;PSMD5;PSMA5;PSMD7;PSMD2;PSMC6;PSMA4;PSMB2;PSMC3;COPS8;PSMB1;PSMF1;CUL1;PSMD4;PSMB4;PSMC1;UBB;ZFP91;SKP1;MAP3K7;PSMB5;PSMB8;PSMA6,PSMD14;UBE2M;PSMD1;PSMD12;IRAK1;PSMD6;PSMA1;PSME3;PSME2;PSMC5;CHUK;PSMB7;PSMD11;PSMB3;PSMC2;PSMC4;PSMD13;PSMA3;PSMA7;PSMD3;PSMB6;PSMA2;PSMD5;PSMA5;PSMD7;PSMD2;PSMC6;PSMA4;PSMB2;PSMC3
4_vs_p-L_UP,positive regulation of actin filament polymerization (GO:0030838),0.6262098452144571,1.8780492560006008,0.0010471204188481676,0.04106736933544152,52,16,BAIAP2L2;WIPF3;CCL26;CDC42EP5;CDC42EP2;ARPC4;RAC2;FER;CDC42EP1;PFN1;RHOG;BAIAP2;VASP;RAC1;PYCARD;NCKAP1,BAIAP2L2;WIPF3;CCL26;CDC42EP5;CDC42EP2
4_vs_p-L_UP,cellular response to metal ion (GO:0071248),0.5936598924956156,1.7852513455424979,0.007276507276507277,0.04122744375892643,101,17,MT1A;PPIF;TRPM2;BNIP3;TIGAR;CHUK;MAPK9;MT1E;MT2A;PRNP;NCF1;SLC41A1;ATP13A2;MAPK1;CLIC4;ECT2;DAXX,MT1A;PPIF;TRPM2;BNIP3;TIGAR;CHUK;MAPK9;MT1E;MT2A;PRNP;NCF1;SLC41A1
4_vs_p-L_UP,maturation of SSU-rRNA (GO:0030490),0.5407442680871797,1.8015929660630374,0.0,0.04207282353918765,47,37,RIOK1;NAT10;PDCD11;TSR1;WDR3;UTP4;UTP20;DCAF13;RRP36;NOL10;UTP18;UTP3;SRFBP1;NOB1;WDR46;UTP14A;NOP14;NOC4L;NOL11;BMS1;UTP6;MPHOSPH10;RIOK2;TSR2;MRPS9;EMG1;HEATR1;KRR1;UTP23;SNU13;DIEXF;FCF1;TBL3;TSR3;MRPS11;RPS24;RPS14,RIOK1;NAT10;PDCD11;TSR1;WDR3;UTP4;UTP20;DCAF13;RRP36;NOL10;UTP18;UTP3;SRFBP1;NOB1;WDR46;UTP14A;NOP14;NOC4L;NOL11;BMS1;UTP6;MPHOSPH10;RIOK2;TSR2;MRPS9;EMG1
4_vs_p-L_UP,negative regulation of cell cycle G2/M phase transition (GO:1902750),0.5266663423049961,1.792768218679808,0.0,0.04207540042554393,70,48,FHL1;PSMD14;PINX1;DTL;PSMD1;PSMD12;PSMD6;PSMA1;PSME3;PSME2;PSMC5;PSMB7;PSMD11;PSMB3;CHEK1;PSMC2;PSMC4;PSMD13;PSMA3;PSMA7;PSMD3;PSMB6;PSMA2;PSMD5;PSMA5;PSMD7;PSMD2;PSMC6;PSMA4;PSMB2;PSMC3;PSMB1;PSMF1;CUL1;PSMD4;PSMB4;PSMC1;H2AFY;UBB;PLK1;BRCA1;SKP1;PSMB5;AURKA;PSMB8;USP47;PSMA6;BABAM1,FHL1;PSMD14;PINX1;DTL;PSMD1;PSMD12;PSMD6;PSMA1;PSME3;PSME2;PSMC5;PSMB7;PSMD11;PSMB3;CHEK1;PSMC2;PSMC4;PSMD13;PSMA3;PSMA7;PSMD3;PSMB6;PSMA2;PSMD5;PSMA5;PSMD7;PSMD2;PSMC6;PSMA4;PSMB2;PSMC3
4_vs_p-L_UP,negative regulation of ubiquitin-protein ligase activity involved in mitotic cell cycle (GO:0051436),0.520075492528489,1.7783899728976205,0.0,0.042202501555529306,72,46,PSMD14;CCNB1;CDC20;MAD2L1;PSMD1;PSMD12;PSMD6;PSMA1;PSME3;PSME2;PSMC5;PSMB7;PSMD11;PSMB3;PSMC2;PSMC4;PSMD13;PSMA3;PSMA7;PSMD3;PSMB6;PSMA2;PSMD5;PSMA5;PSMD7;PSMD2;PSMC6;PSMA4;PSMB2;PSMC3;CDC23;PSMB1;PSMF1;BUB3;PSMD4;PSMB4;PSMC1;ANAPC4;UBB;CDC26;CDC27;PSMB5;ANAPC7;PSMB8;PSMA6;BUB1B,PSMD14;CCNB1;CDC20;MAD2L1;PSMD1;PSMD12;PSMD6;PSMA1;PSME3;PSME2;PSMC5;PSMB7;PSMD11;PSMB3;PSMC2;PSMC4;PSMD13;PSMA3;PSMA7;PSMD3;PSMB6;PSMA2;PSMD5;PSMA5;PSMD7;PSMD2;PSMC6;PSMA4;PSMB2;PSMC3
4_vs_p-L_UP,chaperone mediated protein folding requiring cofactor (GO:0051085),0.5883975402565771,1.7750898143141305,0.0041797283176593526,0.04244006665762156,25,16,HSPH1;HSPA8;HSPE1;HSPA9;HSPA4;HSPA1B;HSPA4L;DNAJC7;HSPA1A;PTGES3;HYOU1;HSPA14;ERO1A;HSPA5;BAG1;DNAJB14,HSPH1;HSPA8;HSPE1;HSPA9;HSPA4;HSPA1B;HSPA4L;DNAJC7;HSPA1A;PTGES3
4_vs_p-L_UP,tRNA modification (GO:0006400),0.5474221974451634,1.7855311657605242,0.001017293997965412,0.04246334651021545,58,26,NAT10;TRMT6;YRDC;ADAT2;PUS1;SSB;TRMT61A;METTL1;WDR4;PUSL1;NSUN2;PUS3;CTU1;METTL2A;CDK5RAP1;URM1;THUMPD2;TRMT112;RPUSD1;CTU2;METTL2B;SEPHS1;THUMPD3;TRMT1;TRIT1;OSGEP,NAT10;TRMT6;YRDC;ADAT2;PUS1;SSB;TRMT61A;METTL1;WDR4;PUSL1;NSUN2;PUS3;CTU1
4_vs_p-L_UP,cellular response to tumor necrosis factor (GO:0071356),0.5264389263754187,1.8029749821839645,0.0,0.043056266448203116,195,50,HAS2;CCL26;PSMD14;PSMD1;PSMD12;TNFRSF12A;PSMD6;PSMA1;PSME3;PSME2;PSMC5;CHUK;PSMB7;DHX9;PSMD11;PSMB3;PSMC2;PSMC4;PSMD13;PSMA3;PSMA7;PSMD3;PSMB6;PSMA2;KARS;PSMD5;PSMA5;PSMD7;PSMD2;PSMC6;PSMA4;PSMB2;PSMC3;CIB1;FAS;PSMB1;PSMF1;ADAMTS12;TXNDC17;PSMD4;PSMB4;PSMC1;UBB;ILK;BRCA1;PSMB5;PSMB8;PSMA6;PYCARD;STAT1,HAS2;CCL26;PSMD14;PSMD1;PSMD12;TNFRSF12A;PSMD6;PSMA1;PSME3;PSME2;PSMC5;CHUK;PSMB7;DHX9;PSMD11;PSMB3;PSMC2;PSMC4;PSMD13;PSMA3;PSMA7;PSMD3;PSMB6;PSMA2;KARS;PSMD5;PSMA5;PSMD7;PSMD2;PSMC6;PSMA4;PSMB2;PSMC3
4_vs_p-L_UP,regulation of cellular protein metabolic process (GO:0032268),0.5767490830219798,1.7714603843822092,0.008501594048884165,0.04306921959695408,51,15,TCOF1;NOLC1;INHBA;PUM3;GEMIN5;UHRF1;EIF4E;WNT7A;CDC123;TGFB1;MTPN;EIF4G1;EIF2B4;METAP1;APP,TCOF1;NOLC1;INHBA;PUM3;GEMIN5;UHRF1;EIF4E;WNT7A
4_vs_p-L_UP,negative regulation of mitotic cell cycle phase transition (GO:1901991),0.527330151810492,1.7933139734685801,0.0,0.043127046153878024,80,45,FHL1;PSMD14;PINX1;PSMD1;PSMD12;PSMD6;PSMA1;PSME3;PSME2;PSMC5;PSMB7;PSMD11;PSMB3;PSMC2;PSMC4;PSMD13;PSMA3;PSMA7;PSMD3;PSMB6;PSMA2;PSMD5;PSMA5;PSMD7;PSMD2;PSMC6;PSMA4;PSMB2;PSMC3;PSMB1;PSMF1;CUL1;PSMD4;PSMB4;PSMC1;UBB;PTEN;CDC73;SKP1;PSMB5;AURKA;PSMB8;USP47;PSMA6;BRD7,FHL1;PSMD14;PINX1;PSMD1;PSMD12;PSMD6;PSMA1;PSME3;PSME2;PSMC5;PSMB7;PSMD11;PSMB3;PSMC2;PSMC4;PSMD13;PSMA3;PSMA7;PSMD3;PSMB6;PSMA2;PSMD5;PSMA5;PSMD7;PSMD2;PSMC6;PSMA4;PSMB2;PSMC3
4_vs_p-L_UP,regulation of stem cell differentiation (GO:2000736),0.5269523399297262,1.7959923568488825,0.0,0.04328510540947014,89,45,PSMD14;LMO2;PSMD1;PSMD12;PSMD6;PSMA1;PSME3;PSME2;PSMC5;PSMB7;PSMD11;PSMB3;PSMC2;PSMC4;PSMD13;PSMA3;PSMA7;PSMD3;PSMB6;PSMA2;LDB1;PSMD5;PSMA5;PSMD7;PSMD2;PSMC6;HNRNPU;PSMA4;PSMB2;PSMC3;CBFB;PSMB1;PSMF1;PSMD4;PSMB4;PSMC1;UBB;YTHDF2;JAG1;TCF3;YAP1;PSMB5;PSMB8;PSMA6;EIF2AK2,PSMD14;LMO2;PSMD1;PSMD12;PSMD6;PSMA1;PSME3;PSME2;PSMC5;PSMB7;PSMD11;PSMB3;PSMC2;PSMC4;PSMD13;PSMA3;PSMA7;PSMD3;PSMB6;PSMA2;LDB1;PSMD5;PSMA5;PSMD7;PSMD2;PSMC6;HNRNPU;PSMA4;PSMB2;PSMC3
4_vs_p-L_UP,stimulatory C-type lectin receptor signaling pathway (GO:0002223),0.5202442162844563,1.7787172559971232,0.0,0.043422487290162175,122,46,PSMD14;PSMD1;PSMD12;UBE2N;PSMD6;PSMA1;PSME3;PSME2;PSMC5;HRAS;CHUK;PSMB7;PSMD11;PSMB3;PSMC2;PSMC4;PSMD13;PSMA3;PSMA7;PSMD3;PSMB6;PSMA2;PSMD5;PSMA5;PSMD7;PSMD2;PSMC6;PSMA4;PSMB2;PSMC3;PSMB1;PSMF1;CUL1;PSMD4;UBE2D2;PSMB4;PSMC1;UBB;NRAS;SKP1;MAP3K7;PSMB5;PAK2;PAK1;PSMB8;PSMA6,PSMD14;PSMD1;PSMD12;UBE2N;PSMD6;PSMA1;PSME3;PSME2;PSMC5;HRAS;CHUK;PSMB7;PSMD11;PSMB3;PSMC2;PSMC4;PSMD13;PSMA3;PSMA7;PSMD3;PSMB6;PSMA2;PSMD5;PSMA5;PSMD7;PSMD2;PSMC6;PSMA4;PSMB2;PSMC3
4_vs_p-L_UP,regulation of transcription from RNA polymerase II promoter in response to hypoxia (GO:0061418),0.5342997213971772,1.8059754492331417,0.0,0.04383831280404254,79,41,PSMD14;PSMD1;PSMD12;PSMD6;PSMA1;PSME3;PSME2;PSMC5;PSMB7;PSMD11;PSMB3;PSMC2;PSMC4;PSMD13;PSMA3;PSMA7;PSMD3;PSMB6;PSMA2;PSMD5;PSMA5;PSMD7;PSMD2;PSMC6;PSMA4;PSMB2;PSMC3;CUL2;PSMB1;PSMF1;PSMD4;UBE2D2;PSMB4;PSMC1;UBB;UBE2D3;PSMB5;HIGD1A;PSMB8;PSMA6;HIF1A,PSMD14;PSMD1;PSMD12;PSMD6;PSMA1;PSME3;PSME2;PSMC5;PSMB7;PSMD11;PSMB3;PSMC2;PSMC4;PSMD13;PSMA3;PSMA7;PSMD3;PSMB6;PSMA2;PSMD5;PSMA5;PSMD7;PSMD2;PSMC6;PSMA4;PSMB2;PSMC3;CUL2
4_vs_p-L_UP,innate immune response activating cell surface receptor signaling pathway (GO:0002220),0.5202442162844563,1.7663771692960357,0.001004016064257028,0.04437328659958487,125,46,PSMD14;PSMD1;PSMD12;UBE2N;PSMD6;PSMA1;PSME3;PSME2;PSMC5;HRAS;CHUK;PSMB7;PSMD11;PSMB3;PSMC2;PSMC4;PSMD13;PSMA3;PSMA7;PSMD3;PSMB6;PSMA2;PSMD5;PSMA5;PSMD7;PSMD2;PSMC6;PSMA4;PSMB2;PSMC3;PSMB1;PSMF1;CUL1;PSMD4;UBE2D2;PSMB4;PSMC1;UBB;NRAS;SKP1;MAP3K7;PSMB5;PAK2;PAK1;PSMB8;PSMA6,PSMD14;PSMD1;PSMD12;UBE2N;PSMD6;PSMA1;PSME3;PSME2;PSMC5;HRAS;CHUK;PSMB7;PSMD11;PSMB3;PSMC2;PSMC4;PSMD13;PSMA3;PSMA7;PSMD3;PSMB6;PSMA2;PSMD5;PSMA5;PSMD7;PSMD2;PSMC6;PSMA4;PSMB2;PSMC3
4_vs_p-L_UP,negative regulation of ubiquitin protein ligase activity (GO:1904667),0.5178200642401443,1.7642822798357787,0.001001001001001001,0.0444071435139944,78,47,PSMD14;CCNB1;CDC20;MAD2L1;PSMD1;PSMD12;PSMD6;PSMA1;PSME3;PSME2;PSMC5;PSMB7;PSMD11;PSMB3;PSMC2;PSMC4;PSMD13;PSMA3;PSMA7;PSMD3;PSMB6;PSMA2;PSMD5;PSMA5;PSMD7;PSMD2;PSMC6;PSMA4;PSMB2;PSMC3;CDC23;PSMB1;PSMF1;BUB3;PSMD4;PSMB4;PSMC1;ANAPC4;UBB;CDC26;CDC27;PSMB5;ANAPC7;PSMB8;PSMA6;BUB1B;RPS7,PSMD14;CCNB1;CDC20;MAD2L1;PSMD1;PSMD12;PSMD6;PSMA1;PSME3;PSME2;PSMC5;PSMB7;PSMD11;PSMB3;PSMC2;PSMC4;PSMD13;PSMA3;PSMA7;PSMD3;PSMB6;PSMA2;PSMD5;PSMA5;PSMD7;PSMD2;PSMC6;PSMA4;PSMB2;PSMC3
4_vs_p-L_UP,ribosomal small subunit biogenesis (GO:0042274),0.5587956371725993,1.808816796637489,0.0,0.04460388613375303,45,28,RIOK1;LTV1;WDR3;UTP4;NOM1;RRP36;SURF6;SRFBP1;NOB1;RRP7A;NPM1;UTP14A;NOP14;NOL11;MPHOSPH10;RIOK2;EMG1;SNU13;ERAL1;TSR3;MRPS7;RPS10;MRPS11;RPS24;RPS17;RPS7;RPS5;RPS14,RIOK1;LTV1;WDR3;UTP4;NOM1;RRP36;SURF6;SRFBP1;NOB1;RRP7A;NPM1;UTP14A;NOP14;NOL11;MPHOSPH10;RIOK2;EMG1
4_vs_p-L_UP,regulation of transcription from RNA polymerase II promoter in response to stress (GO:0043618),0.5485784761107575,1.84210871373015,0.0,0.04565984934714681,94,44,PSMD14;PSMD1;PSMD12;PSMD6;PSMA1;PSME3;PSME2;PSMC5;PSMB7;HSPA1A;PSMD11;PSMB3;CHEK1;PSMC2;PSMC4;PSMD13;PSMA3;PSMA7;PSMD3;PSMB6;PSMA2;BAG3;PSMD5;PSMA5;PSMD7;PSMD2;PSMC6;PSMA4;PSMB2;PSMC3;CUL2;PSMB1;PSMF1;PSMD4;UBE2D2;PSMB4;PSMC1;UBB;UBE2D3;PSMB5;HIGD1A;PSMB8;PSMA6;HIF1A,PSMD14;PSMD1;PSMD12;PSMD6;PSMA1;PSME3;PSME2;PSMC5;PSMB7;HSPA1A;PSMD11;PSMB3;CHEK1;PSMC2;PSMC4;PSMD13;PSMA3;PSMA7;PSMD3;PSMB6;PSMA2;BAG3;PSMD5;PSMA5;PSMD7;PSMD2;PSMC6;PSMA4;PSMB2;PSMC3;CUL2
4_vs_p-L_UP,rRNA metabolic process (GO:0016072),0.49610757979908665,1.8536334745452838,0.0,0.0461082275731417,201,116,PNO1;CD3EAP;RPP40;LYAR;BOP1;RIOK1;WDR43;UTP15;NOLC1;LTV1;NOP56;NOP58;PDCD11;TSR1;WDR3;MRTO4;RRP9;UTP4;UTP20;DKC1;RPP25;EXOSC2;EXOSC9;NIFK;DCAF13;DDX56;EBNA1BP2;BYSL;IMP4;RRP36;RRP1;WDR75;RCL1;WDR12;WDR36;SBDS;DHX37;RPP30;UTP18;EXOSC8;MARS;UTP3;NOB1;WDR46;RRP7A;ERI1;NOL8;UTP14A;NOP14;NOC4L;NOL11;PES1;BMS1;EXOSC3;UTP6;POP4;EXOSC1;MPHOSPH10;MPHOSPH6;RIOK2;EXOSC5;IMP3;MDN1;WDR55;EMG1;EXOSC6;HEATR1;RRP1B;KRR1;TEX10;DDX49;GTF3A;LAS1L;EXOSC4;NOL9;SNU13;RPP38;RPF1;EXOSC7;XRN2;DEDD2;DIEXF;FCF1;RPL35;TBL3;DDX27;DDX52;DIS3L2;WDR18;C1D;EXOSC10;ISG20L2;PIH1D1;DIS3;RPL27;SIRT7;RPS13;RPL12;RPP21;RPS10;RPL27A;RPL7A;RPL35A;FBL;RPS26;RPS24;RPS17;RPL36;RPS7;RPS2;RPS18;RPL9;RPL4;RPS5;RPS14;RPL18,PNO1;CD3EAP;RPP40;LYAR;BOP1;RIOK1;WDR43;UTP15;NOLC1;LTV1;NOP56;NOP58;PDCD11;TSR1;WDR3;MRTO4;RRP9;UTP4;UTP20;DKC1;RPP25;EXOSC2;EXOSC9;NIFK;DCAF13;DDX56;EBNA1BP2;BYSL;IMP4;RRP36;RRP1;WDR75;RCL1;WDR12;WDR36;SBDS;DHX37;RPP30;UTP18;EXOSC8;MARS;UTP3;NOB1;WDR46;RRP7A;ERI1;NOL8;UTP14A;NOP14;NOC4L;NOL11;PES1;BMS1;EXOSC3;UTP6;POP4;EXOSC1;MPHOSPH10;MPHOSPH6;RIOK2;EXOSC5;IMP3;MDN1;WDR55;EMG1
4_vs_p-L_UP,regulation of cellular ketone metabolic process (GO:0010565),0.5382511269790817,1.809886669262036,0.0,0.046278067810260975,62,44,PSMD14;ODC1;PSMD1;PSMD12;FGFR4;PSMD6;PSMA1;PSME3;PSME2;PSMC5;PSMB7;PSMD11;PSMB3;PSMC2;PSMC4;PSMD13;PSMA3;PSMA7;PSMD3;PSMB6;PSMA2;PSMD5;PSMA5;PSMD7;PSMD2;PRKAG2;PSMC6;PSMA4;PSMB2;PSMC3;NQO1;PSMB1;PSMF1;AZIN1;PSMD4;PSMB4;PSMC1;PANK2;OAZ1;PSMB5;PSMB8;PSMA6;CAV1;OAZ2,PSMD14;ODC1;PSMD1;PSMD12;FGFR4;PSMD6;PSMA1;PSME3;PSME2;PSMC5;PSMB7;PSMD11;PSMB3;PSMC2;PSMC4;PSMD13;PSMA3;PSMA7;PSMD3;PSMB6;PSMA2;PSMD5;PSMA5;PSMD7;PSMD2;PRKAG2;PSMC6;PSMA4;PSMB2;PSMC3
4_vs_p-L_UP,cellular response to interleukin-1 (GO:0071347),0.5228479388866039,1.811300736960532,0.0,0.04746403792317388,151,53,HAS2;CCL26;PSMD14;RPS6KA4;PSMD1;PSMD12;IRAK1;UBE2N;PSMD6;PSMA1;PSME3;PSME2;PSMC5;CHUK;PSMB7;PSMD11;PSMB3;PSMC2;PSMC4;PSMD13;PSMA3;PSMA7;IL1B;PSMD3;PSMB6;PSMA2;PSMD5;PSMA5;PSMD7;PSMD2;PSMC6;PSMA4;PSMB2;PSMC3;PSMB1;PSMF1;TNIP2;CUL1;TOLLIP;ADAMTS12;PSMD4;PSMB4;PSMC1;UBB;MAPK13;SKP1;MAP3K7;PSMB5;USP10;PSMB8;PSMA6;PYCARD;HIF1A,HAS2;CCL26;PSMD14;RPS6KA4;PSMD1;PSMD12;IRAK1;UBE2N;PSMD6;PSMA1;PSME3;PSME2;PSMC5;CHUK;PSMB7;PSMD11;PSMB3;PSMC2;PSMC4;PSMD13;PSMA3;PSMA7;IL1B;PSMD3;PSMB6;PSMA2;PSMD5;PSMA5;PSMD7;PSMD2;PSMC6;PSMA4;PSMB2;PSMC3
4_vs_p-L_UP,interleukin-1-mediated signaling pathway (GO:0070498),0.5387032990075333,1.845125005655113,0.0,0.04760282165979135,96,46,PSMD14;RPS6KA4;PSMD1;PSMD12;IRAK1;UBE2N;PSMD6;PSMA1;PSME3;PSME2;PSMC5;CHUK;PSMB7;PSMD11;PSMB3;PSMC2;PSMC4;PSMD13;PSMA3;PSMA7;IL1B;PSMD3;PSMB6;PSMA2;PSMD5;PSMA5;PSMD7;PSMD2;PSMC6;PSMA4;PSMB2;PSMC3;PSMB1;PSMF1;TNIP2;CUL1;TOLLIP;PSMD4;PSMB4;PSMC1;UBB;SKP1;MAP3K7;PSMB5;PSMB8;PSMA6,PSMD14;RPS6KA4;PSMD1;PSMD12;IRAK1;UBE2N;PSMD6;PSMA1;PSME3;PSME2;PSMC5;CHUK;PSMB7;PSMD11;PSMB3;PSMC2;PSMC4;PSMD13;PSMA3;PSMA7;IL1B;PSMD3;PSMB6;PSMA2;PSMD5;PSMA5;PSMD7;PSMD2;PSMC6;PSMA4;PSMB2;PSMC3
4_vs_p-L_UP,tumor necrosis factor-mediated signaling pathway (GO:0033209),0.5373804245389059,1.8268888501481235,0.0,0.047774260393259986,124,44,PSMD14;PSMD1;PSMD12;TNFRSF12A;PSMD6;PSMA1;PSME3;PSME2;PSMC5;CHUK;PSMB7;PSMD11;PSMB3;PSMC2;PSMC4;PSMD13;PSMA3;PSMA7;PSMD3;PSMB6;PSMA2;KARS;PSMD5;PSMA5;PSMD7;PSMD2;PSMC6;PSMA4;PSMB2;PSMC3;FAS;PSMB1;PSMF1;TXNDC17;PSMD4;PSMB4;PSMC1;UBB;ILK;PSMB5;PSMB8;PSMA6;PYCARD;STAT1,PSMD14;PSMD1;PSMD12;TNFRSF12A;PSMD6;PSMA1;PSME3;PSME2;PSMC5;CHUK;PSMB7;PSMD11;PSMB3;PSMC2;PSMC4;PSMD13;PSMA3;PSMA7;PSMD3;PSMB6;PSMA2;KARS;PSMD5;PSMA5;PSMD7;PSMD2;PSMC6;PSMA4;PSMB2;PSMC3
4_vs_p-L_UP,rRNA processing (GO:0006364),0.4929359835405729,1.8147488011350483,0.0,0.047797118891055805,203,123,PNO1;RPP40;LYAR;BOP1;RIOK1;WDR43;UTP15;NOLC1;LTV1;NOP56;NAT10;NOP58;PDCD11;TSR1;WDR3;MRTO4;RRP9;UTP4;UTP20;DKC1;RPP25;EXOSC2;EXOSC9;DCAF13;DDX56;EBNA1BP2;BYSL;IMP4;RRP36;RRP1;NOP2;RRP15;WDR75;MAK16;RCL1;WDR12;WDR36;SBDS;DHX37;RPP30;UTP18;EXOSC8;UTP3;SRFBP1;NOB1;RSL1D1;WDR46;RRP7A;ERI1;NOL8;UTP14A;NOP14;MRPL1;NOC4L;EIF6;NOL11;PES1;BMS1;EXOSC3;UTP6;POP4;EXOSC1;MPHOSPH10;MPHOSPH6;RIOK2;EXOSC5;IMP3;MDN1;WDR55;EMG1;EXOSC6;HEATR1;RRP1B;NHP2;SKIV2L2;KRR1;TEX10;DDX49;LAS1L;EXOSC4;SART1;NOL9;NSA2;SNU13;RPP38;RPF1;EXOSC7;XRN2;DIEXF;FCF1;RPL35;TBL3;DDX27;DDX52;DIS3L2;WDR18;C1D;TSR3;EXOSC10;ISG20L2;PIH1D1;DIS3;RPL27;RPS13;RPL12;RPP21;RPS10;RPL27A;RPL7A;RPL35A;FBL;RPS26;RPS24;RPS17;RPL36;RPS7;RPS2;RPS18;RPL9;RPL4;RPS5;RPS14;RPL18,PNO1;RPP40;LYAR;BOP1;RIOK1;WDR43;UTP15;NOLC1;LTV1;NOP56;NAT10;NOP58;PDCD11;TSR1;WDR3;MRTO4;RRP9;UTP4;UTP20;DKC1;RPP25;EXOSC2;EXOSC9;DCAF13;DDX56;EBNA1BP2;BYSL;IMP4;RRP36;RRP1;NOP2;RRP15;WDR75;MAK16;RCL1;WDR12;WDR36;SBDS;DHX37;RPP30;UTP18;EXOSC8;UTP3;SRFBP1;NOB1;RSL1D1;WDR46;RRP7A;ERI1;NOL8;UTP14A;NOP14;MRPL1;NOC4L;EIF6;NOL11;PES1;BMS1;EXOSC3;UTP6;POP4;EXOSC1;MPHOSPH10;MPHOSPH6;RIOK2;EXOSC5;IMP3;MDN1;WDR55;EMG1
4_vs_p-L_UP,regulation of cellular amine metabolic process (GO:0033238),0.5453623736087012,1.8571158812581783,0.0,0.04800760755825896,52,40,PSMD14;ODC1;PSMD1;PSMD12;PSMD6;PSMA1;PSME3;PSME2;PSMC5;PSMB7;PSMD11;PSMB3;PSMC2;PSMC4;PSMD13;PSMA3;PSMA7;PSMD3;PSMB6;PSMA2;PSMD5;PSMA5;PSMD7;PSMD2;PSMC6;PSMA4;PSMB2;PSMC3;NQO1;PSMB1;PSMF1;AZIN1;PSMD4;PSMB4;PSMC1;OAZ1;PSMB5;PSMB8;PSMA6;OAZ2,PSMD14;ODC1;PSMD1;PSMD12;PSMD6;PSMA1;PSME3;PSME2;PSMC5;PSMB7;PSMD11;PSMB3;PSMC2;PSMC4;PSMD13;PSMA3;PSMA7;PSMD3;PSMB6;PSMA2;PSMD5;PSMA5;PSMD7;PSMD2;PSMC6;PSMA4;PSMB2;PSMC3
4_vs_p-L_UP,negative regulation of G2/M transition of mitotic cell cycle (GO:0010972),0.5353335166538511,1.8180040740495156,0.0,0.04826752271411711,63,44,FHL1;PSMD14;PINX1;PSMD1;PSMD12;PSMD6;PSMA1;PSME3;PSME2;PSMC5;PSMB7;PSMD11;PSMB3;PSMC2;PSMC4;PSMD13;PSMA3;PSMA7;PSMD3;PSMB6;PSMA2;PSMD5;PSMA5;PSMD7;PSMD2;PSMC6;PSMA4;PSMB2;PSMC3;PSMB1;PSMF1;CUL1;PSMD4;PSMB4;PSMC1;UBB;VPS4A;SKP1;PSMB5;AURKA;PSMB8;USP47;PSMA6;AURKB,FHL1;PSMD14;PINX1;PSMD1;PSMD12;PSMD6;PSMA1;PSME3;PSME2;PSMC5;PSMB7;PSMD11;PSMB3;PSMC2;PSMC4;PSMD13;PSMA3;PSMA7;PSMD3;PSMB6;PSMA2;PSMD5;PSMA5;PSMD7;PSMD2;PSMC6;PSMA4;PSMB2;PSMC3
4_vs_p-L_UP,regulation of cellular amino acid metabolic process (GO:0006521),0.5453623736087012,1.8282973989530404,0.0,0.0498493833962866,52,40,PSMD14;ODC1;PSMD1;PSMD12;PSMD6;PSMA1;PSME3;PSME2;PSMC5;PSMB7;PSMD11;PSMB3;PSMC2;PSMC4;PSMD13;PSMA3;PSMA7;PSMD3;PSMB6;PSMA2;PSMD5;PSMA5;PSMD7;PSMD2;PSMC6;PSMA4;PSMB2;PSMC3;NQO1;PSMB1;PSMF1;AZIN1;PSMD4;PSMB4;PSMC1;OAZ1;PSMB5;PSMB8;PSMA6;OAZ2,PSMD14;ODC1;PSMD1;PSMD12;PSMD6;PSMA1;PSME3;PSME2;PSMC5;PSMB7;PSMD11;PSMB3;PSMC2;PSMC4;PSMD13;PSMA3;PSMA7;PSMD3;PSMB6;PSMA2;PSMD5;PSMA5;PSMD7;PSMD2;PSMC6;PSMA4;PSMB2;PSMC3
1_vs_p-L_DOWN,cellular protein localization (GO:0034613),0.2733624454148443,1163.5687732342165,0.0,0.0,328,34,RABGAP1;RAB2A;KDELR2;CD63;TMED2;ARF6;RAB11A;WIPI2;KDELR1;RAB4A;EMP2;TMED10;RAB6A;STX8;EIF2D;COPB2;RAB9A;RAB5B;RAB25;WDR45;IFT22;RAB13;COPA;TBC1D17;MYO6;CTSA;NIPBL;ARFGAP3;PDCD6;IFT27;ID1;RABGAP1L;WLS;SEPT6,RABGAP1;RAB2A;KDELR2;CD63;TMED2;ARF6;RAB11A;WIPI2;KDELR1;RAB4A;EMP2;TMED10;RAB6A;STX8;EIF2D;COPB2;RAB9A;RAB5B;RAB25;WDR45;IFT22;RAB13;COPA;TBC1D17;MYO6;CTSA;NIPBL;ARFGAP3;PDCD6;IFT27;ID1;RABGAP1L;WLS;SEPT6
1_vs_p-L_DOWN,endosomal transport (GO:0016197),0.3610679389737298,339.1293122932378,0.0,0.043167305236270756,230,23,UBA52;UBC;ARF6;CHMP2A;TINAGL1;VAMP3;RPS27A;HOOK2;SQSTM1;SNX2;CHMP5;EMP2;RAB6A;STX8;VPS28;VPS51;RAB9A;AKTIP;RAB13;TBC1D17;GCC2;DCTN1;RHOBTB3,UBA52;UBC;ARF6;CHMP2A;TINAGL1;VAMP3;RPS27A;HOOK2;SQSTM1;SNX2;CHMP5;EMP2;RAB6A;STX8;VPS28;VPS51;RAB9A;AKTIP;RAB13;TBC1D17;GCC2;DCTN1
2_vs_p-L_UP,regulation of transcription involved in G1/S transition of mitotic cell cycle (GO:0000083),0.7883913590528566,2.3141087771954,0.0,0.0,27,17,RRM2;CDC45;CCNE1;DHFR;CCNA1;PCNA;CDC6;ORC1;E2F1;E2F7;FBXO5;POLA1;CDT1;TYMS;TFDP1;ZPR1;NPAT,RRM2;CDC45;CCNE1;DHFR;CCNA1;PCNA;CDC6;ORC1;E2F1;E2F7;FBXO5;POLA1;CDT1;TYMS
2_vs_p-L_UP,DNA synthesis involved in DNA repair (GO:0000731),0.6168602249984763,2.0322301571815244,0.0,0.003932002437440287,66,43,EXO1;PCNA;RAD51;BRCA2;RBBP8;RFC3;RFC2;BLM;RAD51AP1;RFC4;BRCA1;RFC5;BRIP1;DTL;DNA2;POLA1;RAD51C;POLD1;RPA3;XRCC3;XRCC2;POLE;POLD2;ISG15;RAD51D;PRIMPOL;POLD3;RMI1;WRNIP1;BARD1;RPA2;RMI2;RAD50;RPA1;RFC1;UBB;CDKN2D;VCP;KAT5;FAAP20;UBC;ATM;UBE2L6,EXO1;PCNA;RAD51;BRCA2;RBBP8;RFC3;RFC2;BLM;RAD51AP1;RFC4;BRCA1;RFC5;BRIP1;DTL;DNA2;POLA1;RAD51C;POLD1;RPA3;XRCC3;XRCC2;POLE;POLD2;ISG15;RAD51D;PRIMPOL;POLD3
2_vs_p-L_UP,DNA-dependent DNA replication (GO:0006261),0.6202042773756843,2.023523765518372,0.0,0.004353288412880318,57,43,CDC45;MCM10;PRIM1;ORC1;POLE2;RAD51;POLA2;RFC3;GINS2;RFC2;ORC6;RFC4;RFC5;DNA2;GINS4;POLA1;POLD1;POLE3;MCMBP;HMGA1;CDC7;POLE;PRIM2;POLD2;MCM2;PRIMPOL;MGME1;WDHD1;ORC3;GINS1;BAZ1A;LRWD1;ORC5;POLE4;TOPBP1;RPA1;RFC1;REV3L;CDC34;ORC4;POLG;RPAIN;POLK,CDC45;MCM10;PRIM1;ORC1;POLE2;RAD51;POLA2;RFC3;GINS2;RFC2;ORC6;RFC4;RFC5;DNA2;GINS4;POLA1;POLD1;POLE3;MCMBP;HMGA1;CDC7;POLE;PRIM2;POLD2;MCM2;PRIMPOL;MGME1;WDHD1;ORC3
2_vs_p-L_UP,DNA biosynthetic process (GO:0071897),0.6541409858666037,2.0338102461402428,0.0,0.004521802803056329,40,27,EXO1;RAD51;BRCA2;RBBP8;RFC3;BLM;RAD51AP1;BRCA1;BRIP1;DNA2;POLA1;RAD51C;POLD1;TYMS;XRCC3;XRCC2;POLE;RAD51D;POLD3;RMI1;WRNIP1;BARD1;RMI2;RAD50;CDKN2D;KAT5;ATM,EXO1;RAD51;BRCA2;RBBP8;RFC3;BLM;RAD51AP1;BRCA1;BRIP1;DNA2;POLA1;RAD51C;POLD1;TYMS;XRCC3;XRCC2;POLE;RAD51D;POLD3;RMI1;WRNIP1
2_vs_p-L_UP,positive regulation of mitotic cell cycle phase transition (GO:1901992),0.6739476745572371,1.9928325357456267,0.001040582726326743,0.006143753808500448,41,17,CDC45;CDK1;UBE2C;CDCA5;DTL;LSM11;RAD51C;MECP2;CDC7;CDK4;ANAPC5;LSM10;CUL3;EIF4G1;RDX;CCNB1;ANAPC11,CDC45;CDK1;UBE2C;CDCA5;DTL;LSM11;RAD51C;MECP2;CDC7;CDK4
2_vs_p-L_UP,strand displacement (GO:0000732),0.6565259992839355,1.9636166143257352,0.0,0.008847005484240644,27,19,EXO1;RAD51;BRCA2;RBBP8;BLM;RAD51AP1;BRCA1;BRIP1;DNA2;RAD51C;XRCC3;XRCC2;RAD51D;RMI1;BARD1;RMI2;RAD50;KAT5;ATM,EXO1;RAD51;BRCA2;RBBP8;BLM;RAD51AP1;BRCA1;BRIP1;DNA2;RAD51C;XRCC3;XRCC2
2_vs_p-L_UP,DNA replication (GO:0006260),0.5631058869458249,1.9410607198844376,0.0,0.00974064240184071,121,80,CDC45;CLSPN;CDK1;EXO1;MCM7;FEN1;MCM10;CDC6;ORC1;POLE2;RBBP8;POLA2;RFC3;RFC2;BLM;TIPIN;ORC6;RFC4;FAM111A;BRCA1;RFC5;BRIP1;MCM6;MCM8;DNA2;MCM5;CHEK1;RECQL4;POLA1;POLD1;POLE3;RPA3;MCM4;MCM3;MCMBP;NASP;CDC7;POLE;DONSON;POLD2;RNASEH2A;MCM2;WDHD1;ORC3;DUT;RMI1;DBF4;HUS1;BARD1;CDK2;ATR;RPA2;NAP1L1;BAZ1A;TIMELESS;GRWD1;IGHMBP2;ORC5;SET;TOPBP1;RMI2;RAD50;RPA1;RBM14;ERCC4;RFC1;REV3L;CDC25C;TOP1;ORC4;POLG;RPAIN;RBMS1;TBRG1;KAT5;RAD9A;POLK;ATM;KIN;RHNO1,CDC45;CLSPN;CDK1;EXO1;MCM7;FEN1;MCM10;CDC6;ORC1;POLE2;RBBP8;POLA2;RFC3;RFC2;BLM;TIPIN;ORC6;RFC4;FAM111A;BRCA1;RFC5;BRIP1;MCM6;MCM8;DNA2;MCM5;CHEK1;RECQL4;POLA1;POLD1;POLE3;RPA3;MCM4;MCM3;MCMBP;NASP;CDC7;POLE;DONSON;POLD2;RNASEH2A;MCM2;WDHD1;ORC3;DUT;RMI1;DBF4;HUS1
2_vs_p-L_UP,"nucleotide-excision repair, DNA gap filling (GO:0006297)",0.6465125432951915,1.9442630069332225,0.0,0.010223206337344744,23,16,PCNA;RFC3;RFC2;RFC4;RFC5;POLD1;RPA3;POLE;POLD2;LIG1;POLD3;RPA2;RPA1;RFC1;UBB;UBC,PCNA;RFC3;RFC2;RFC4;RFC5;POLD1;RPA3;POLE;POLD2;LIG1;POLD3
2_vs_p-L_UP,DNA replication initiation (GO:0006270),0.6370316800053932,1.921527400629722,0.0,0.011959840747214205,25,21,CDC45;MCM10;PRIM1;ORC1;POLE2;POLA2;ORC6;GINS4;POLA1;POLE3;CDC7;POLE;PRIM2;MCM2;ORC3;LRWD1;ORC5;POLE4;TOPBP1;CDC34;ORC4,CDC45;MCM10;PRIM1;ORC1;POLE2;POLA2;ORC6;GINS4;POLA1;POLE3;CDC7;POLE;PRIM2;MCM2;ORC3
2_vs_p-L_UP,positive regulation of cell cycle process (GO:0090068),0.5723540793439348,1.8767628133738672,0.0,0.02183665639364159,108,45,FEN1;CDC6;IL1B;AURKB;TP73;MAD2L1;NUSAP1;CENPV;BRCA1;E2F8;E2F7;DDX11;RGCC;IL1A;RRP8;EREG;XRCC3;CDC7;MYBBP1A;KIF20B;KIF23;GEN1;NDC80;HMGA2;SPAG5;DYNC1LI1;LRP5;CDC25B;RACGAP1;CUL3;NUP62;PCID2;KIF14;WIZ;INO80;TPR;ECT2;SPAST;PKP4;CCNB1;RHOA;MED25;RHNO1;GIPC1;AURKA,FEN1;CDC6;IL1B;AURKB;TP73;MAD2L1;NUSAP1;CENPV;BRCA1;E2F8;E2F7;DDX11;RGCC;IL1A;RRP8;EREG;XRCC3;CDC7;MYBBP1A;KIF20B;KIF23;GEN1;NDC80
2_vs_p-L_UP,regulation of neurogenesis (GO:0050767),0.6539012570980693,1.878987467057885,0.0010384215991692627,0.022457783152303172,58,15,WNT7A;BDNF;ARNTL;HMGB2;BIN1;NGF;SIX1;CDK5RAP1;YWHAH;RGS14;PAX6;CDK5RAP2;YAP1;HOOK3;DYNLT1,WNT7A;BDNF;ARNTL;HMGB2;BIN1;NGF;SIX1
2_vs_p-L_UP,G1/S transition of mitotic cell cycle (GO:0000082),0.5455057543655618,1.8689320047739595,0.0,0.022740080763196325,106,67,RRM2;CDC45;CCNE1;DHFR;MCM7;CCNA1;PCNA;MCM10;CDC6;PRIM1;ORC1;CCNE2;POLE2;POLA2;E2F1;ORC6;FBXO5;MCM6;MCM8;INHBA;MCM5;POLA1;POLE3;CDT1;TYMS;RPA3;MCM4;MCM3;NASP;RANBP1;CDC7;POLE;PRIM2;CDK4;MCM2;ORC3;DBF4;TFDP1;EIF4EBP1;CDK2;PLK2;WEE1;RPA2;CUL4A;CUL2;ORC5;EIF4E;RCC1;NPAT;POLE4;RPA1;CUL3;GSPT1;MYC;CDC34;ORC4;PPP6C;CCNH;RANBP2;MAX;MNAT1;RPS6KB1;RANBP3;CDKN2D;CDK6;CDKN3;CACUL1,RRM2;CDC45;CCNE1;DHFR;MCM7;CCNA1;PCNA;MCM10;CDC6;PRIM1;ORC1;CCNE2;POLE2;POLA2;E2F1;ORC6;FBXO5;MCM6;MCM8;INHBA;MCM5;POLA1;POLE3;CDT1;TYMS;RPA3;MCM4;MCM3;NASP;RANBP1;CDC7;POLE;PRIM2;CDK4
2_vs_p-L_UP,cellular response to lipopolysaccharide (GO:0071222),0.6152133741546921,1.8265774974927131,0.0,0.038105729504016896,92,18,ANKRD1;IRAK1;SERPINE1;AXL;HMGB2;IL1B;PLAA;CXCL8;CARD16;TNIP2;CASP1;PABPN1;NR1H2;PYCARD;CDC73;MTDH;RHOA;MAPK8,ANKRD1;IRAK1;SERPINE1;AXL;HMGB2;IL1B
2_vs_p-L_UP,double-strand break repair via homologous recombination (GO:0000724),0.5613158319356519,1.820538353593539,0.0,0.039101579794545066,77,41,CDC45;FEN1;PSMD14;RAD51;BRCA2;RBBP8;GINS2;BLM;RAD51AP1;BRCA1;GINS4;RECQL4;RAD51C;TONSL;SFR1;RPA3;XRCC3;XRCC2;MMS22L;CDC7;AUNIP;RAD51D;GEN1;HUS1;UBE2N;RPA2;RECQL;PARP1;RFWD3;RAD50;RPA1;SWI5;ZSWIM7;ERCC4;SMC5;MUS81;NABP2;INO80;SFPQ;POLK;AP5Z1,CDC45;FEN1;PSMD14;RAD51;BRCA2;RBBP8;GINS2;BLM;RAD51AP1;BRCA1;GINS4;RECQL4;RAD51C;TONSL;SFR1;RPA3;XRCC3;XRCC2;MMS22L;CDC7;AUNIP;RAD51D;GEN1
2_vs_p-L_UP,mismatch repair (GO:0006298),0.5988365505073124,1.8280374716595602,0.0020597322348094747,0.03938146191248787,33,19,EXO1;PCNA;TP73;PMS1;POLD1;RPA3;MSH2;POLD2;RNASEH2A;LIG1;POLD3;MLH1;RPA2;RPA1;MUTYH;MSH6;PMS2;XPC;MSH3,EXO1;PCNA;TP73;PMS1;POLD1;RPA3;MSH2;POLD2;RNASEH2A;LIG1;POLD3;MLH1
2_vs_p-L_UP,postreplication repair (GO:0006301),0.5880324326241002,1.815832097147659,0.0010111223458038423,0.03952697187111025,48,27,PCNA;RAD18;RFC3;RFC2;RFC4;BRCA1;RFC5;DTL;POLD1;RPA3;MSH2;POLD2;ISG15;PRIMPOL;POLD3;UBE2N;RPA2;WDR33;RPA1;RFC1;UBB;VCP;FAAP20;UBC;UBE2A;UBE2L6;UBE2V2,PCNA;RAD18;RFC3;RFC2;RFC4;BRCA1;RFC5;DTL;POLD1;RPA3;MSH2;POLD2;ISG15;PRIMPOL;POLD3
LM-H_vs_LM-L_UP,RNA modification (GO:0009451),0.5740964607628558,1.9929013602859738,0.0,0.043092076705951915,55,24,CTU1;TRMT6;TRMT61A;NAT10;CTU2;PUS3;LRPPRC;NOP2;NOP56;WDR4;SSB;METTL3;METTL1;NSUN5;QTRT1;FTSJ3;TRMT1;NOP58;URM1;TSR3;THG1L;NOP10;NSUN2;FTSJ1,CTU1;TRMT6;TRMT61A;NAT10;CTU2;PUS3;LRPPRC;NOP2;NOP56;WDR4;SSB;METTL3;METTL1;NSUN5;QTRT1;FTSJ3;TRMT1
7_vs_p-L_UP,response to unfolded protein (GO:0006986),0.7661111248850481,2.4968361932243166,0.0,0.0,44,16,HSPH1;HSP90AA1;HSPA8;HSPD1;SERPINH1;HSPE1;HSP90AB1;DNAJA1;HSPA4;HSPA1B;ERP44;HSPA5;HSPA9;HSPA1A;HYOU1;DERL1,HSPH1;HSP90AA1;HSPA8;HSPD1;SERPINH1;HSPE1;HSP90AB1;DNAJA1;HSPA4;HSPA1B;ERP44;HSPA5;HSPA9;HSPA1A;HYOU1
LM-H_vs_p-L_DOWN,endosomal transport (GO:0016197),0.3161585831737416,702.3882568468925,0.0,0.008735868448098663,230,29,BLOC1S1;SQSTM1;UBA52;RPS27A;CHMP2A;CHMP5;UBC;VAMP3;SNX2;EMP2;RAB11B;RAB6A;STX10;RAB9A;ARF6;GCC2;TINAGL1;STX8;ANXA8;HOOK2;VPS28;AKTIP;VPS51;RAB13;DCTN1;PIK3C3;TBC1D17;ATG14;RHOBTB3,BLOC1S1;SQSTM1;UBA52;RPS27A;CHMP2A;CHMP5;UBC;VAMP3;SNX2;EMP2;RAB11B;RAB6A;STX10;RAB9A;ARF6;GCC2;TINAGL1;STX8;ANXA8;HOOK2;VPS28;AKTIP;VPS51;RAB13;DCTN1;PIK3C3;TBC1D17;ATG14
LM-H_vs_p-L_DOWN,proteasomal protein catabolic process (GO:0010498),0.3299382649275548,301.8584125932983,0.0,0.03244751137865218,238,24,PSMD8;PCBP2;RNF5;UBXN1;UBA52;RPS27A;UBC;ERLEC1;SHARPIN;NFE2L2;MARCH6;PSMD10;BIRC2;RNF139;UBE2D1;UBXN6;ATXN3;SIRT2;SPSB3;ZNRF1;TBL1XR1;NHLRC3;BTBD3;ABTB1,PSMD8;PCBP2;RNF5;UBXN1;UBA52;RPS27A;UBC;ERLEC1;SHARPIN;NFE2L2;MARCH6;PSMD10;BIRC2;RNF139;UBE2D1;UBXN6;ATXN3;SIRT2;SPSB3;ZNRF1;TBL1XR1;NHLRC3;BTBD3
LM-H_vs_p-L_DOWN,respiratory electron transport chain (GO:0022904),0.7001828153564864,225.41579144859634,0.0,0.0460618518172475,95,17,NDUFB10;COX7C;MT-ND4L;MT-ND1;NDUFB4;COX7A2L;UQCRB;NDUFB7;MT-CO3;NDUFC1;SDHA;MT-ND4;MT-ND3;SDHC;MT-CO2;MT-CYB;MT-CO1,NDUFB10;COX7C;MT-ND4L;MT-ND1;NDUFB4;COX7A2L;UQCRB;NDUFB7;MT-CO3;NDUFC1;SDHA;MT-ND4;MT-ND3;SDHC;MT-CO2;MT-CYB;MT-CO1
5_vs_p-L_DOWN,cytoplasmic translation (GO:0002181),0.6789383561643882,1188.9055472264092,0.0,0.0,55,27,RPL4;RPLP2;RPS23;RPL19;RPL29;RPS3;RPS20;RPL8;RPL26;RPL24;RPL18A;RPL11;RPL22;RPL17;RPL31;RPL39;RPL38;RPL10A;RPS29;RPLP0;RPL7;RPS28;RPL30;EIF4B;RPL15;RPL6;RPS3A,RPL4;RPLP2;RPS23;RPL19;RPL29;RPS3;RPS20;RPL8;RPL26;RPL24;RPL18A;RPL11;RPL22;RPL17;RPL31;RPL39;RPL38;RPL10A;RPS29;RPLP0;RPL7;RPS28;RPL30;EIF4B;RPL15;RPL6;RPS3A
5_vs_p-L_DOWN,respiratory electron transport chain (GO:0022904),0.7302127659574456,303.7131757213247,0.0,0.041925526511155393,95,20,MT-ND5;NDUFB10;COX4I1;COX7C;MT-ND2;COX6A1;NDUFB7;MT-ND1;MT-CO3;SDHC;UQCRC2;COX7A2L;UQCRB;MT-ND4;NDUFB4;MT-CO2;NDUFC1;MT-ND3;MT-CO1;MT-CYB,MT-ND5;NDUFB10;COX4I1;COX7C;MT-ND2;COX6A1;NDUFB7;MT-ND1;MT-CO3;SDHC;UQCRC2;COX7A2L;UQCRB;MT-ND4;NDUFB4;MT-CO2;NDUFC1;MT-ND3;MT-CO1;MT-CYB
8_vs_p-L_UP,DNA biosynthetic process (GO:0071897),0.7170880405417794,2.0994599030131784,0.0,0.0008342198513711053,40,15,EXO1;BLM;DNA2;BRCA2;RAD51;RMI1;RAD51AP1;RFC3;BRCA1;POLD1;BARD1;RMI2;TYMS;POLD3;RAD51C,EXO1;BLM;DNA2;BRCA2;RAD51;RMI1;RAD51AP1;RFC3;BRCA1;POLD1;BARD1;RMI2;TYMS
8_vs_p-L_UP,DNA recombination (GO:0006310),0.7012232413965416,2.1020174044212356,0.0,0.001251329777056658,56,16,RAD54L;EXO1;BLM;DNA2;BRCA2;RAD51;RECQL4;RMI1;RAD51AP1;BRCA1;BARD1;RMI2;RECQL;RAD51C;RPAIN;HMGB1,RAD54L;EXO1;BLM;DNA2;BRCA2;RAD51;RECQL4;RMI1;RAD51AP1;BRCA1;BARD1;RMI2
8_vs_p-L_UP,DNA metabolic process (GO:0006259),0.5726041836667195,2.0249493762016564,0.0,0.0031700354352102006,315,85,CLSPN;RAD54L;EXO1;CDK1;BLM;TIMELESS;MCM10;HELLS;PCNA;DNA2;CDC45;CDC6;FANCD2;BRCA2;RAD51;HMGB2;RECQL4;RMI1;RAD51AP1;MCM7;TIPIN;FEN1;PRIM1;RAD18;RFC4;RFC2;RFC3;BRCA1;MCM3;POLD1;BARD1;MCM2;UHRF1;UBE2T;MCM6;RMI2;FAM111A;CHEK1;NASP;TOP2A;TYMS;POLK;POLA2;DONSON;MCM5;FANCG;CHD1L;TK1;ORC6;RFC5;POLD3;UNG;RECQL;DBF4;WDHD1;CDC25C;RAD51C;RPA3;MSH2;DNMT1;LIG1;SMC1A;ACD;DUT;RAD9A;RNASEH2A;RFC1;RPAIN;RPA2;POLD2;NAP1L1;NSMCE4A;NUDT15;XRCC5;KPNA2;GADD45A;PRKDC;NUDT1;HMGB1;SP100;UBC;HDAC1;SUMO1;NPM1;RPS3,CLSPN;RAD54L;EXO1;CDK1;BLM;TIMELESS;MCM10;HELLS;PCNA;DNA2;CDC45;CDC6;FANCD2;BRCA2;RAD51;HMGB2;RECQL4;RMI1;RAD51AP1;MCM7;TIPIN;FEN1;PRIM1;RAD18;RFC4;RFC2;RFC3;BRCA1;MCM3;POLD1;BARD1;MCM2;UHRF1;UBE2T;MCM6;RMI2;FAM111A;CHEK1;NASP;TOP2A;TYMS;POLK;POLA2;DONSON;MCM5;FANCG;CHD1L;TK1;ORC6;RFC5;POLD3;UNG;RECQL;DBF4;WDHD1;CDC25C;RAD51C;RPA3;MSH2;DNMT1;LIG1
8_vs_p-L_UP,DNA replication (GO:0006260),0.6065364957845806,2.041198041433672,0.0,0.003336879405484421,121,46,CLSPN;EXO1;CDK1;BLM;TIMELESS;MCM10;DNA2;CDC45;CDC6;RECQL4;RMI1;MCM7;TIPIN;FEN1;RFC4;RFC2;RFC3;BRCA1;MCM3;POLD1;BARD1;MCM2;MCM6;RMI2;FAM111A;CHEK1;NASP;POLK;POLA2;DONSON;MCM5;ORC6;RFC5;DBF4;WDHD1;CDC25C;RPA3;DUT;RAD9A;RNASEH2A;RFC1;RPAIN;RPA2;BAZ1A;POLD2;NAP1L1,CLSPN;EXO1;CDK1;BLM;TIMELESS;MCM10;DNA2;CDC45;CDC6;RECQL4;RMI1;MCM7;TIPIN;FEN1;RFC4;RFC2;RFC3;BRCA1;MCM3;POLD1;BARD1;MCM2;MCM6;RMI2;FAM111A;CHEK1;NASP;POLK;POLA2;DONSON;MCM5;ORC6;RFC5
8_vs_p-L_UP,DNA synthesis involved in DNA repair (GO:0000731),0.6186914482218517,1.962551589159899,0.0,0.005601190430634565,66,25,EXO1;BLM;PCNA;DNA2;BRCA2;RAD51;DTL;RMI1;RAD51AP1;RFC4;RFC2;RFC3;BRCA1;POLD1;BARD1;RMI2;RFC5;POLD3;RAD51C;RPA3;RFC1;RPA2;POLD2;ISG15;UBC,EXO1;BLM;PCNA;DNA2;BRCA2;RAD51;DTL;RMI1;RAD51AP1;RFC4;RFC2;RFC3;BRCA1;POLD1;BARD1;RMI2
8_vs_p-L_UP,positive regulation of cell cycle process (GO:0090068),0.6465600623217196,1.9358413965623262,0.004250797024442083,0.0056541567704041585,108,15,E2F8;CDC6;FEN1;DDX11;BRCA1;NUSAP1;MAD2L1;AURKB;CENPV;NDC80;KIF20B;KIF23;PHIP;RHOA;TPR,E2F8;CDC6;FEN1;DDX11;BRCA1;NUSAP1;MAD2L1;AURKB;CENPV;NDC80;KIF20B
8_vs_p-L_UP,G1/S transition of mitotic cell cycle (GO:0000082),0.6059281381418244,1.9774769865802815,0.0010111223458038423,0.005839538959597738,106,31,CCNE1;CCNE2;DHFR;RRM2;MCM10;PCNA;CDC45;CDC6;FBXO5;MCM7;E2F1;PRIM1;MCM3;MCM2;MCM6;CDT1;NASP;TYMS;POLA2;MCM5;ORC6;INHBA;DBF4;RPA3;WEE1;RPA2;CDK4;EIF4E;TFDP1;RANBP1;PLK2,CCNE1;CCNE2;DHFR;RRM2;MCM10;PCNA;CDC45;CDC6;FBXO5;MCM7;E2F1;PRIM1;MCM3;MCM2;MCM6;CDT1;NASP;TYMS;POLA2;MCM5;ORC6;INHBA;DBF4
8_vs_p-L_UP,cellular response to DNA damage stimulus (GO:0006974),0.5587628395268643,1.9376075408419329,0.0,0.0062566488852832895,330,60,CLSPN;FNIP2;RAD54L;EXO1;CDK1;BLM;TIMELESS;MCM10;FANCD2;RAD51;RECQL4;DTL;RAD51AP1;MCM7;FEN1;E2F1;DDX11;RAD18;RFC4;RFC2;RFC3;BRCA1;POLD1;BARD1;UBE2T;SLF1;CRIP1;CHEK1;TOP2A;POLK;DDIT3;DONSON;RFWD3;FANCG;CHD1L;RFC5;UNG;RECQL;WDHD1;RAD51C;MSH2;LIG1;SMC1A;H2AFX;RAD9A;RPAIN;SMC5;POLD2;BAZ1B;AATF;SFN;NSMCE4A;BID;GADD45A;BAX;PRKDC;NUDT1;SUMO1;NPM1;RPS3,CLSPN;FNIP2;RAD54L;EXO1;CDK1;BLM;TIMELESS;MCM10;FANCD2;RAD51;RECQL4;DTL;RAD51AP1;MCM7;FEN1;E2F1;DDX11;RAD18;RFC4;RFC2;RFC3;BRCA1;POLD1;BARD1;UBE2T;SLF1;CRIP1;CHEK1;TOP2A;POLK;DDIT3;DONSON;RFWD3;FANCG;CHD1L;RFC5
8_vs_p-L_UP,double-strand break repair via homologous recombination (GO:0000724),0.6308692971219397,1.9057042674441798,0.0,0.0079250885880255,77,18,MMS22L;BLM;CDC45;BRCA2;RAD51;RECQL4;RAD51AP1;FEN1;BRCA1;SFR1;POLK;RFWD3;RECQL;GINS2;RAD51C;RPA3;RPA2;SMC5,MMS22L;BLM;CDC45;BRCA2;RAD51;RECQL4;RAD51AP1;FEN1;BRCA1;SFR1;POLK;RFWD3;RECQL;GINS2;RAD51C;RPA3
8_vs_p-L_UP,DNA repair (GO:0006281),0.5378790838317377,1.8744242827620434,0.0,0.010996534404437297,289,62,RAD54L;EXO1;CDK1;BLM;TIMELESS;PCNA;DNA2;FANCD2;BRCA2;RAD51;HMGB2;CDCA5;RECQL4;RMI1;RAD51AP1;FEN1;USP1;RAD18;RFC4;RFC2;RFC3;MND1;BRCA1;FANCI;POLD1;BARD1;UBE2T;RMI2;CHEK1;POLK;RFWD3;FANCG;CHD1L;RFC5;POLD3;UNG;RECQL;WDHD1;RAD51C;RPA3;MSH2;LIG1;SMC1A;H2AFX;RAD9A;RNASEH2A;RPAIN;RPA2;HMGA1;POLD2;NSMCE4A;XRCC5;GADD45A;MAD2L2;PRKDC;NUDT1;CETN2;HMGB1;UBC;SUMO1;NPM1;RPS3,RAD54L;EXO1;CDK1;BLM;TIMELESS;PCNA;DNA2;FANCD2;BRCA2;RAD51;HMGB2;CDCA5;RECQL4;RMI1;RAD51AP1;FEN1;USP1;RAD18;RFC4;RFC2;RFC3;MND1;BRCA1;FANCI;POLD1;BARD1;UBE2T;RMI2;CHEK1;POLK;RFWD3;FANCG;CHD1L;RFC5;POLD3;UNG;RECQL;WDHD1;RAD51C;RPA3;MSH2;LIG1
8_vs_p-L_UP,DNA-dependent DNA replication (GO:0006261),0.5869123855997883,1.8567091383697456,0.0010351966873706005,0.012443779449618986,57,21,MCM10;DNA2;CDC45;RAD51;PRIM1;RFC4;RFC2;RFC3;POLD1;MCM2;POLK;POLA2;ORC6;RFC5;GINS2;WDHD1;RFC1;RPAIN;HMGA1;BAZ1A;POLD2,MCM10;DNA2;CDC45;RAD51;PRIM1;RFC4;RFC2;RFC3;POLD1;MCM2;POLK;POLA2;ORC6;RFC5;GINS2;WDHD1
8_vs_p-L_UP,recombinational repair (GO:0000725),0.6216743124199717,1.821580843823573,0.002066115702479339,0.017390275363197656,72,16,MMS22L;BLM;BRCA2;RAD51;RECQL4;RAD51AP1;FEN1;BRCA1;SFR1;POLK;RFWD3;RECQL;RAD51C;RPA3;RPA2;SMC5,MMS22L;BLM;BRCA2;RAD51;RECQL4;RAD51AP1;FEN1;BRCA1;SFR1;POLK;RFWD3;RECQL;RAD51C;RPA3
8_vs_p-L_UP,cellular macromolecule biosynthetic process (GO:0034645),0.5045801290699686,1.775501065668735,0.0,0.027469667963005682,368,77,CLSPN;EXO1;CDK1;BLM;TIMELESS;MCM10;DNA2;CDC45;CDC6;RECQL4;RMI1;MCM7;TIPIN;FEN1;E2F1;RFC4;RFC2;RFC3;BRCA1;MCM3;POLD1;BARD1;MCM2;MEF2A;MCM6;RMI2;FAM111A;CHEK1;NASP;TYMS;POLA2;DONSON;MCM5;ORC6;RFC5;GTF3C5;INHBA;DBF4;CDC25C;RPA3;DUT;EIF4EBP2;RAD9A;RNASEH2A;RPA2;MRPL41;EEF1B2;BAZ1A;POLD2;NAP1L1;BAZ1B;MRPL42;MRPS16;COA1;MRPS6;PTMA;RPS13;MRPL18;RPS24;MRPS5;RPL12;RPL35;RPS18;RPL32;RPL7A;RPS17;RPL9;RPLP1;RPL21;RPL34;RPL4;POLR2L;RPL27;RPS3;RPL37A;RPL26;RPL28,CLSPN;EXO1;CDK1;BLM;TIMELESS;MCM10;DNA2;CDC45;CDC6;RECQL4;RMI1;MCM7;TIPIN;FEN1;E2F1;RFC4;RFC2;RFC3;BRCA1;MCM3;POLD1;BARD1;MCM2;MEF2A;MCM6;RMI2;FAM111A;CHEK1;NASP;TYMS;POLA2;DONSON;MCM5;ORC6;RFC5;GTF3C5;INHBA;DBF4
8_vs_p-L_UP,double-strand break repair (GO:0006302),0.5582741908998131,1.7598919663089077,0.003051881993896236,0.029698226708811348,142,26,MMS22L;BLM;DNA2;BRCA2;RAD51;CDCA5;RECQL4;RAD51AP1;FEN1;MND1;BRCA1;BARD1;SFR1;POLK;RFWD3;RECQL;RAD51C;RPA3;MSH2;H2AFX;RPA2;SMC5;XRCC5;MAD2L2;PRKDC;SUMO1,MMS22L;BLM;DNA2;BRCA2;RAD51;CDCA5;RECQL4;RAD51AP1;FEN1;MND1;BRCA1;BARD1;SFR1;POLK;RFWD3;RECQL;RAD51C;RPA3;MSH2
8_vs_p-L_UP,cell cycle G1/S phase transition (GO:0044843),0.5506006032933852,1.7351395630207063,0.003045685279187817,0.03514151123900781,93,25,CCNE1;CCNE2;MCM10;CDC45;CDC6;MCM7;PRIM1;MCM3;MCM2;MCM6;CDT1;NASP;POLA2;MCM5;ORC6;INHBA;DBF4;RPA3;WEE1;CCNA2;RPA2;CDK4;EIF4E;RANBP1;PLK2,CCNE1;CCNE2;MCM10;CDC45;CDC6;MCM7;PRIM1;MCM3;MCM2;MCM6;CDT1;NASP;POLA2;MCM5;ORC6;INHBA;DBF4
6_vs_p-L_UP,regulation of transcription involved in G1/S transition of mitotic cell cycle (GO:0000083),0.7199172771784877,2.2923333028679598,0.0,0.00047680248663220715,27,17,RRM2;CDC45;DHFR;CCNE1;FBXO5;CCNA1;E2F7;TYMS;CDC6;PCNA;POLA1;CDT1;E2F1;TFDP1;ZPR1;BACH1;RB1,RRM2;CDC45;DHFR;CCNE1;FBXO5;CCNA1;E2F7;TYMS;CDC6;PCNA;POLA1
6_vs_p-L_UP,DNA-dependent DNA replication maintenance of fidelity (GO:0045005),0.676712309156599,2.1112095643588638,0.0,0.006811464094745815,36,15,BLM;RAD51;PCNA;POLD1;DDX11;TIPIN;DONSON;TIMELESS;TONSL;PRIMPOL;RFWD3;CDK9;POLE;ALYREF;MUS81,BLM;RAD51;PCNA;POLD1;DDX11;TIPIN;DONSON;TIMELESS;TONSL;PRIMPOL;RFWD3;CDK9;POLE
6_vs_p-L_UP,DNA-dependent DNA replication (GO:0006261),0.5891214743513444,2.083240947258512,0.0,0.008582444759379727,57,39,CDC45;POLE2;ORC6;RFC3;PRIM1;RAD51;DNA2;POLA2;CDC7;POLD2;POLA1;POLD1;RFC5;GINS4;POLE3;RFC2;MCM10;RFC4;HMGA1;MGME1;PRIM2;GINS2;PRIMPOL;WDHD1;POLE;MCM2;POLE4;MCMBP;LRWD1;RPA1;ORC4;ORC3;BAZ1A;TOPBP1;PURA;CDC34;RFC1;RPAIN;PNKP,CDC45;POLE2;ORC6;RFC3;PRIM1;RAD51;DNA2;POLA2;CDC7;POLD2;POLA1;POLD1;RFC5;GINS4;POLE3;RFC2;MCM10;RFC4;HMGA1;MGME1;PRIM2;GINS2;PRIMPOL;WDHD1;POLE;MCM2
6_vs_p-L_UP,positive regulation of cell cycle process (GO:0090068),0.5819068695254165,2.0324357378515523,0.0,0.0155755478966521,108,33,FEN1;NUSAP1;E2F7;AURKB;MAD2L1;CDC6;EREG;CDC7;E2F8;TGFA;KIF23;BRCA1;NDC80;KIF20B;DDX11;IL1B;CENPV;NUMA1;HMGA2;SPAG5;RACGAP1;RRP8;NUP62;DYNC1LI1;CIT;GPSM2;KIF14;TPR;ECT2;RHOA;RHNO1;CCNB1;AURKA,FEN1;NUSAP1;E2F7;AURKB;MAD2L1;CDC6;EREG;CDC7;E2F8;TGFA;KIF23;BRCA1;NDC80;KIF20B;DDX11
6_vs_p-L_UP,interstrand cross-link repair (GO:0036297),0.6115729813081424,1.9928458067291255,0.0010526315789473684,0.023840124331610354,49,18,FANCI;UBE2T;FANCD2;FANCC;RAD51;RAD51AP1;FANCB;USP1;RPA3;FANCG;RFWD3;RPA1;ERCC4;RPA2;MUS81;UBB;RNF8;UBC,FANCI;UBE2T;FANCD2;FANCC;RAD51;RAD51AP1;FANCB;USP1;RPA3;FANCG
6_vs_p-L_UP,positive regulation of DNA metabolic process (GO:0051054),0.5897160457850258,1.965586472677593,0.0,0.02781347838687875,83,24,AREG;GLI1;EREG;RAD51;DNA2;PCNA;DNMT1;TIGAR;BRCA1;H2AFX;DBF4;FGFR4;PDGFC;HMGB1;CEBPG;DHX9;UBE2N;HRAS;SIRT6;TRIM28;RAD50;PPP1R10;RNF8;PDGFA,AREG;GLI1;EREG;RAD51;DNA2;PCNA;DNMT1;TIGAR;BRCA1;H2AFX;DBF4;FGFR4;PDGFC;HMGB1
6_vs_p-L_UP,regulation of DNA replication (GO:0006275),0.6193499330608374,1.9657911237689627,0.0,0.030255285060843688,62,20,AREG;GLI1;BLM;ESCO2;CDC6;EREG;DNA2;PCNA;GMNN;DSCC1;DBF4;PDGFC;SMC3;GTPBP4;DHX9;HRAS;WAPL;PDS5A;PPP2CA;PDGFA,AREG;GLI1;BLM;ESCO2;CDC6;EREG;DNA2;PCNA;GMNN;DSCC1;DBF4;PDGFC
6_vs_p-L_UP,DNA biosynthetic process (GO:0071897),0.5933786589510307,1.951476606207541,0.0,0.031175547202875076,40,23,EXO1;BLM;TYMS;RFC3;BRCA2;RAD51;DNA2;RAD51AP1;RBBP8;POLA1;POLD1;BRCA1;BARD1;POLE;RMI1;RAD51C;POLD3;CDKN2D;ATM;RMI2;KAT5;PPIA;RAD50,EXO1;BLM;TYMS;RFC3;BRCA2;RAD51;DNA2;RAD51AP1;RBBP8;POLA1;POLD1;BRCA1
6_vs_p-L_UP,DNA replication (GO:0006260),0.5126077631414508,1.9338749892007763,0.0,0.0354877279336257,121,69,CDK1;CLSPN;CDC45;EXO1;FEN1;POLE2;ORC6;BLM;FAM111A;CDC6;RFC3;MCM7;DNA2;RBBP8;POLA2;CDC7;POLD2;MCM8;POLA1;POLD1;BRCA1;RFC5;CHEK1;POLE3;RFC2;MCM10;DBF4;TIPIN;RPA3;DONSON;RFC4;TIMELESS;BARD1;RECQL4;DUT;CDK2;HUS1;WDHD1;POLE;MCM2;RNASEH2A;RMI1;MCM3;CDC25C;MCM5;MCM4;SET;MCMBP;NASP;RBM14;RPA1;ERCC4;RAD9A;ORC4;GRWD1;RBMS1;RPA2;ATM;MCM6;RMI2;KAT5;ORC3;BAZ1A;TOPBP1;RAD50;RHNO1;RFC1;RPAIN;PNKP,CDK1;CLSPN;CDC45;EXO1;FEN1;POLE2;ORC6;BLM;FAM111A;CDC6;RFC3;MCM7;DNA2;RBBP8;POLA2;CDC7;POLD2;MCM8;POLA1;POLD1;BRCA1;RFC5;CHEK1;POLE3;RFC2;MCM10;DBF4;TIPIN;RPA3;DONSON;RFC4;TIMELESS;BARD1;RECQL4;DUT;CDK2;HUS1;WDHD1;POLE;MCM2;RNASEH2A;RMI1
6_vs_p-L_UP,DNA replication-independent nucleosome assembly (GO:0006336),0.5682947247093116,1.9171120180461316,0.0,0.03814419893057657,40,23,CENPP;CENPM;CENPU;HAT1;CENPI;CENPH;ASF1B;CENPQ;ITGB3BP;CENPK;MIS18A;HJURP;CENPW;CENPL;CENPN;OIP5;NASP;CENPA;RBBP7;MIS18BP1;RBBP4;NPM1;CENPC,CENPP;CENPM;CENPU;HAT1;CENPI;CENPH;ASF1B;CENPQ;ITGB3BP;CENPK;MIS18A;HJURP;CENPW;CENPL
6_vs_p-L_UP,strand displacement (GO:0000732),0.6099035303608333,1.922044831968419,0.0010695187165775401,0.03839849359011374,27,15,EXO1;BLM;BRCA2;RAD51;DNA2;RAD51AP1;RBBP8;BRCA1;BARD1;RMI1;RAD51C;ATM;RMI2;KAT5;RAD50,EXO1;BLM;BRCA2;RAD51;DNA2;RAD51AP1;RBBP8;BRCA1
6_vs_p-L_UP,cellular response to lipopolysaccharide (GO:0071222),0.6090129328053557,1.9109472030858419,0.00211864406779661,0.040163597697489443,92,15,ANKRD1;AXL;HMGB2;SERPINE1;IL1B;IRAK1;CASP1;PYCARD;CARD16;RHOA;PABPN1;NR1H2;MAPK14;GSTP1;MTDH,ANKRD1;AXL;HMGB2;SERPINE1
6_vs_p-L_UP,nucleobase-containing small molecule interconversion (GO:0015949),0.6034055118101022,1.8778650785317053,0.002129925452609159,0.04758488816589426,32,15,RRM2;CTPS1;TYMS;DTYMK;RRM1;NME1;AK1;TXN;DUT;GUK1;AK4;NME4;DCTD;TXNRD1;AK2,RRM2;CTPS1;TYMS;DTYMK;RRM1;NME1;AK1;TXN
6_vs_p-L_UP,extracellular matrix organization (GO:0030198),0.5352799252857076,1.8804474064678014,0.0,0.04893499204909495,230,35,MMP1;HAS2;KLK5;CYP1B1;SERPINE1;ICAM2;NOXO1;LAMC2;HTRA1;CD44;SH3PXD2A;TGFBI;FLRT2;LAMA3;LCP1;ITGA2;SPP1;ITGA6;PXDN;ITGB1;GAS6;ITGAE;SERPINH1;APP;CTSL;CTSV;THBS1;CD47;ITGA3;ADAM15;BSG;LAMB3;ITGAV;FN1;PDGFA,MMP1;HAS2;KLK5;CYP1B1;SERPINE1;ICAM2;NOXO1;LAMC2;HTRA1;CD44;SH3PXD2A;TGFBI;FLRT2
6_vs_p-L_UP,DNA replication initiation (GO:0006270),0.5743582329791357,1.886620322936204,0.004166666666666667,0.049163634177187575,25,20,CDC45;POLE2;ORC6;PRIM1;POLA2;CDC7;POLA1;GINS4;POLE3;MCM10;PRIM2;POLE;MCM2;POLE4;LRWD1;ORC4;ORC3;TOPBP1;PURA;CDC34,CDC45;POLE2;ORC6;PRIM1;POLA2;CDC7;POLA1;GINS4;POLE3;MCM10;PRIM2;POLE;MCM2
3_vs_p-L_DOWN,cytoplasmic translation (GO:0002181),0.5693135935397006,687.04789052568,0.0,0.008471681355469017,55,28,RPL19;RPLP1;RPS21;RPS23;RPLP2;RPL41;RPS20;RPL31;RPLP0;RPL30;RPL18A;RPL38;RPL11;RPL22;RPL39;RPL8;RPL24;RPL27A;RPL6;EIF4B;RPL29;RPS3;RPS3A;RPL15;RPL7;RPS28;RPS29;RPL17,RPL19;RPLP1;RPS21;RPS23;RPLP2;RPL41;RPS20;RPL31;RPLP0;RPL30;RPL18A;RPL38;RPL11;RPL22;RPL39;RPL8;RPL24;RPL27A;RPL6;EIF4B;RPL29;RPS3;RPS3A;RPL15;RPL7;RPS28;RPS29;RPL17
3_vs_p-L_DOWN,mitochondrial ATP synthesis coupled electron transport (GO:0042775),0.33064516129032306,449.552123049179,0.0,0.02200283907600981,86,27,NDUFS6;COX4I1;NDUFA1;NDUFA11;COX6C;NDUFB10;NDUFA13;NDUFA3;MT-ND2;MT-ND1;MT-ND5;UQCRB;NDUFS5;COX6B1;SDHA;UQCRH;COX7C;NDUFB4;MT-ND3;SDHC;MT-ND4;NDUFC1;NDUFB7;MT-CO3;MT-CYB;MT-CO2;MT-CO1,NDUFS6;COX4I1;NDUFA1;NDUFA11;COX6C;NDUFB10;NDUFA13;NDUFA3;MT-ND2;MT-ND1;MT-ND5;UQCRB;NDUFS5;COX6B1;SDHA;UQCRH;COX7C;NDUFB4;MT-ND3;SDHC;MT-ND4;NDUFC1;NDUFB7;MT-CO3;MT-CYB;MT-CO2;MT-CO1
3_vs_p-L_DOWN,respiratory electron transport chain (GO:0022904),0.33064516129032306,334.4563697530696,0.0,0.024634757625771747,95,27,NDUFS6;COX4I1;NDUFA1;NDUFA11;COX6C;NDUFB10;NDUFA13;NDUFA3;MT-ND2;MT-ND1;MT-ND5;UQCRB;NDUFS5;COX6B1;SDHA;UQCRH;COX7C;NDUFB4;MT-ND3;SDHC;MT-ND4;NDUFC1;NDUFB7;MT-CO3;MT-CYB;MT-CO2;MT-CO1,NDUFS6;COX4I1;NDUFA1;NDUFA11;COX6C;NDUFB10;NDUFA13;NDUFA3;MT-ND2;MT-ND1;MT-ND5;UQCRB;NDUFS5;COX6B1;SDHA;UQCRH;COX7C;NDUFB4;MT-ND3;SDHC;MT-ND4;NDUFC1;NDUFB7;MT-CO3;MT-CYB;MT-CO2;MT-CO1
3_vs_p-L_DOWN,ribonucleoprotein complex assembly (GO:0022618),0.5340453938584762,237.14889086752464,0.0,0.04860627177700348,157,22,RPS17;RPS23;RPS27L;RPS14;RPL5;MRPL11;RPS19;RPL38;RPL11;RPL24;RPL6;SRSF5;RPL23A;EIF4B;DYNC1H1;SNRPD2;RPL3;RPS28;RPS27;RPS15;DDX6;RPSA,RPS17;RPS23;RPS27L;RPS14;RPL5;MRPL11;RPS19;RPL38;RPL11;RPL24;RPL6;SRSF5;RPL23A;EIF4B;DYNC1H1;SNRPD2;RPL3;RPS28;RPS27;RPS15;DDX6;RPSA
3_vs_p-L_UP,cellular response to lipopolysaccharide (GO:0071222),0.6737929764503271,2.2137279340706524,0.0,0.0005171397148670989,92,24,TNFAIP3;ANKRD1;CXCL8;NR1D1;AXL;IL1B;IRAK1;SERPINE1;SBNO2;PLAA;TNIP2;NFKBIL1;TRAF6;TICAM1;NFKB1;CDC73;TNIP1;CARD16;CASP1;XBP1;MTDH;NR1H2;HMGB2;RHOA,TNFAIP3;ANKRD1;CXCL8;NR1D1;AXL;IL1B;IRAK1;SERPINE1;SBNO2;PLAA
3_vs_p-L_UP,regulation of peptidyl-tyrosine phosphorylation (GO:0050730),0.6550521086096471,2.0631393888960714,0.0,0.005767544319976117,86,16,NRP1;IL11;VEGFA;RAP2C;TP53;EFNA1;CD44;PDGFB;CD74;ARHGEF2;RIPK2;PRNP;PDCL3;HCLS1;HAX1;PRKCZ,NRP1;IL11;VEGFA;RAP2C;TP53;EFNA1;CD44;PDGFB;CD74;ARHGEF2;RIPK2
3_vs_p-L_UP,positive regulation of neurogenesis (GO:0050769),0.6435147343257236,1.9969720069584398,0.0,0.010745014075571943,70,15,NGF;NEURL1;VEGFA;LIG4;NSMF;MMD;PLAA;SEMA3A;ARHGEF2;RGS14;TRIM32;SNW1;KIF20B;NBL1;RHOA,NGF;NEURL1;VEGFA;LIG4;NSMF;MMD;PLAA
3_vs_p-L_UP,cellular response to molecule of bacterial origin (GO:0071219),0.6226498760094115,2.0094228143306405,0.0,0.010866564008553528,85,22,TNFAIP3;ANKRD1;CXCL8;NR1D1;AXL;SERPINE1;SBNO2;PLAA;TNIP2;NFKBIL1;TRAF6;RELA;TICAM1;NFKB1;CDC73;TNIP1;CARD16;CASP1;XBP1;NR1H2;HMGB2;RHOA,TNFAIP3;ANKRD1;CXCL8;NR1D1;AXL;SERPINE1;SBNO2;PLAA
3_vs_p-L_UP,inflammatory response (GO:0006954),0.5835717016520241,2.0001431520802204,0.0,0.011106191019288648,253,37,CXCL2;CXCL3;CXCL8;IL1A;RELB;ADAM8;IL1B;HDAC9;IKBKG;CEBPB;PXK;PLA2G4C;CXCL1;TNFRSF10A;NFKB2;LIAS;RIPK2;TNFRSF10B;CHUK;TOLLIP;RELA;FAS;AIMP1;TBK1;TNFRSF14;NFKB1;THBS1;NFE2L1;NFX1;CCL26;STAT3;ANXA1;ITCH;ABCF1;NMI;NFRKB;RAC1,CXCL2;CXCL3;CXCL8;IL1A;RELB;ADAM8;IL1B;HDAC9;IKBKG;CEBPB;PXK;PLA2G4C;CXCL1;TNFRSF10A;NFKB2
3_vs_p-L_UP,positive regulation of chemotaxis (GO:0050921),0.6416544860753086,1.9721892535753085,0.003194888178913738,0.014043575381859654,49,15,CXCL2;CXCL3;CXCL8;VEGFA;TUBB2B;CXCL1;STX3;PDGFB;PPM1F;F2RL1;MET;THBS1;ADAM17;CCL26;PRKD2,CXCL2;CXCL3;CXCL8;VEGFA;TUBB2B;CXCL1;STX3;PDGFB;PPM1F
3_vs_p-L_UP,regulation of immune response (GO:0050776),0.6139699485107989,1.95473894799641,0.0,0.015696148012355096,252,21,BIRC3;ULBP1;IRF7;HLA-G;ICAM2;ICAM1;MICA;PVR;IRF1;XIAP;MICB;BIRC2;BTN2A2;BTN2A1;CSK;HLA-E;TKFC;NPDC1;HLA-A;HLA-F;FKBP1A,BIRC3;ULBP1;IRF7;HLA-G;ICAM2;ICAM1;MICA;PVR
3_vs_p-L_UP,intrinsic apoptotic signaling pathway in response to endoplasmic reticulum stress (GO:0070059),0.6404356872190721,1.9586152667682337,0.0021141649048625794,0.01589444123635642,25,15,CHAC1;TRIB3;DDIT3;BBC3;CEBPB;BAK1;PPP1R15A;AIFM1;TNFRSF10B;ATF4;DNAJC10;ERO1A;BAX;TANK;BAG6,CHAC1;TRIB3;DDIT3;BBC3;CEBPB;BAK1;PPP1R15A;AIFM1
3_vs_p-L_UP,positive regulation of peptidyl-tyrosine phosphorylation (GO:0050731),0.5877189889866217,1.9174079847645449,0.0010256410256410256,0.02430103028546534,117,23,NRP1;IL11;VEGFA;TSLP;DOK7;GREM1;IL6ST;TP53;EFNA1;CD44;PDGFB;CD74;ARHGEF2;RIPK2;PIBF1;PTK6;PRNP;UNC119;PTPN1;STAT3;HCLS1;HAX1;ARL2BP,NRP1;IL11;VEGFA;TSLP;DOK7;GREM1;IL6ST;TP53;EFNA1;CD44;PDGFB;CD74;ARHGEF2;RIPK2
3_vs_p-L_UP,regulation of angiogenesis (GO:0045765),0.5453199374052178,1.8885704618838337,0.0,0.03332534512556063,178,43,PGF;TNFAIP3;CXCL8;IL1A;VEGFA;ADM2;SPHK1;IL1B;GATA6;HMOX1;SERPINE1;KLF4;HHEX;CYP1B1;RGCC;MECP2;SARS;ETS1;WARS;HIPK2;RUNX1;RHOB;VEGFC;BRCA1;EPHA2;SIRT1;THBS1;PDPK1;PML;ROCK2;HIF1A;PDCL3;HMGA2;BTG1;PRKD2;SP1;EGLN1;XBP1;ANXA3;MTDH;HGS;ROCK1;PPARG,PGF;TNFAIP3;CXCL8;IL1A;VEGFA;ADM2;SPHK1;IL1B;GATA6;HMOX1;SERPINE1;KLF4;HHEX;CYP1B1;RGCC;MECP2;SARS;ETS1;WARS;HIPK2
3_vs_p-L_UP,positive regulation of defense response (GO:0031349),0.6074690401762011,1.8753396872596098,0.002068252326783868,0.03738181367467886,75,16,EREG;POLR3G;ADAM8;SERPINE1;TSLP;POLR3C;ETS1;POLR3D;POLR3F;LRSAM1;TNIP1;CCL26;DHX9;MAPK13;NFKBIA;DDT,EREG;POLR3G;ADAM8;SERPINE1;TSLP;POLR3C;ETS1;POLR3D
3_vs_p-L_UP,response to lipopolysaccharide (GO:0032496),0.5471942352071771,1.8658970144210907,0.0,0.0380060216534936,156,40,CXCL2;CXCL3;TNFAIP3;ANKRD1;CXCL8;NR1D1;AXL;IRAK1;SERPINE1;SBNO2;PLAA;CXCL1;TNFRSF10A;LIAS;TNFRSF10B;GCH1;TNIP2;NFKBIL1;TRAF6;FAS;TRIB1;TICAM1;TNFRSF14;NFKB1;JUND;CDC73;SCARB1;TNIP1;CARD16;ADAM17;FER;MAPKAPK3;FOXP1;CASP1;OTUD5;XBP1;NR1H2;JUN;HMGB2;RHOA,CXCL2;CXCL3;TNFAIP3;ANKRD1;CXCL8;NR1D1;AXL;IRAK1;SERPINE1;SBNO2;PLAA;CXCL1;TNFRSF10A
3_vs_p-L_UP,strand displacement (GO:0000732),0.5928585644856019,1.8618051513844276,0.005274261603375527,0.03804209027491096,27,16,XRCC3;EXO1;BRCA2;RAD51;RAD51D;RBBP8;BLM;RMI1;DNA2;RAD51C;BRCA1;RAD51AP1;RAD50;RAD51B;BARD1;KAT5,XRCC3;EXO1;BRCA2;RAD51;RAD51D;RBBP8;BLM;RMI1;DNA2;RAD51C;BRCA1;RAD51AP1;RAD50;RAD51B
3_vs_p-L_UP,regulation of fat cell differentiation (GO:0045598),0.595254282559779,1.8683379909944702,0.0072992700729927005,0.03852690875759887,73,18,TRIB3;ARNTL;NR1D1;CEBPB;CCDC71L;E2F1;CCDC85B;SIRT1;AXIN1;WDFY2;TRIO;ANKRD26;CARM1;XBP1;CREBL2;SYAP1;PPARG;ASXL1,TRIB3;ARNTL;NR1D1;CEBPB;CCDC71L;E2F1;CCDC85B
3_vs_p-L_UP,carboxylic acid biosynthetic process (GO:0046394),0.5877134402738818,1.854704569204907,0.007446808510638298,0.03951636941204459,45,16,ASNS;RIMKLB;IL1B;HAS2;GPT2;GOT1;PYCR1;UROS;PYCR2;GLS;GLUD1;ALDH18A1;MTHFS;ATPIF1;DPAGT1;GOT2,ASNS;RIMKLB;IL1B;HAS2;GPT2;GOT1
3_vs_p-L_UP,positive regulation of angiogenesis (GO:0045766),0.5462331044711451,1.8441995167452587,0.0,0.04310160623526937,104,32,PGF;CXCL8;IL1A;VEGFA;ADM2;SPHK1;IL1B;GATA6;HMOX1;SERPINE1;KLF4;CYP1B1;ETS1;HIPK2;RUNX1;RHOB;FOXC2;VEGFC;BRCA1;SIRT6;SIRT1;THBS1;PDPK1;HIF1A;PDCL3;HMGA2;BTG1;PRKD2;SP1;XBP1;ANXA3;MTDH,PGF;CXCL8;IL1A;VEGFA;ADM2;SPHK1;IL1B;GATA6;HMOX1;SERPINE1;KLF4;CYP1B1
4_vs_p-L_DOWN,cytoplasmic translation (GO:0002181),0.7246153846153912,2065.7894736842577,0.0,0.0,55,29,RPLP1;RPL24;RPS23;RPL36A;RPL26;RPL41;RPL32;RPS20;RPS3;RPS21;RPL8;RPLP2;RPL11;RPL7;RPL22;RPL29;RPL31;RPL10A;RPL18A;RPL38;RPL39;EIF4B;RPL30;RPS29;RPLP0;RPS28;RPL6;RPL15;RPS3A,RPLP1;RPL24;RPS23;RPL36A;RPL26;RPL41;RPL32;RPS20;RPS3;RPS21;RPL8;RPLP2;RPL11;RPL7;RPL22;RPL29;RPL31;RPL10A;RPL18A;RPL38;RPL39;EIF4B;RPL30;RPS29;RPLP0;RPS28;RPL6;RPL15;RPS3A
4_vs_p-L_DOWN,ribonucleoprotein complex assembly (GO:0022618),0.5233609219209191,1270.880153044452,0.0,0.0,157,25,RPL24;RPS23;RPL11;RPL23A;RPS15;RPL38;YTHDC1;RPSA;RPL3;SCAF11;EIF4B;RSL24D1;RPS19;RPL10;SRSF5;DYNC1H1;RPS27L;RPS28;ATXN2;RPL6;EIF2D;DDX6;CIRBP;RPS27;GRB7,RPL24;RPS23;RPL11;RPL23A;RPS15;RPL38;YTHDC1;RPSA;RPL3;SCAF11;EIF4B;RSL24D1;RPS19;RPL10;SRSF5;DYNC1H1;RPS27L;RPS28;ATXN2;RPL6;EIF2D;DDX6;CIRBP;RPS27
4_vs_p-L_DOWN,viral transcription (GO:0019083),0.6251366897452292,3617.8725166703957,0.0,0.0,114,50,RPLP1;RPL24;RPS23;RPL36A;RPL28;RPL26;RPL37A;RPL41;RPL32;UBA52;RPS20;RPS3;RPS21;RPL8;RPL34;RPLP2;RPL11;RPL7;RPL22;RPL23A;RPS25;RPL29;RPL31;RPS9;RPL10A;RPS15;RPL18A;RPS8;RPL38;RPS11;RPSA;RPL3;RPS6;RPS15A;RPL39;RPL14;RPS19;RPL30;RPS29;RPL10;RPL13A;RPLP0;RPS4X;RPL13;RPS28;RPL6;RPL15;RPS3A;RPS27;RPS16,RPLP1;RPL24;RPS23;RPL36A;RPL28;RPL26;RPL37A;RPL41;RPL32;UBA52;RPS20;RPS3;RPS21;RPL8;RPL34;RPLP2;RPL11;RPL7;RPL22;RPL23A;RPS25;RPL29;RPL31;RPS9;RPL10A;RPS15;RPL18A;RPS8;RPL38;RPS11;RPSA;RPL3;RPS6;RPS15A;RPL39;RPL14;RPS19;RPL30;RPS29;RPL10;RPL13A;RPLP0;RPS4X;RPL13;RPS28;RPL6;RPL15;RPS3A
